scenario_id,emitter_id,emitter_type,base_frequency_mhz,pulse_width_us,nominal_pri_us,initial_aoa_deg,aoa_rate_deg_per_us,nominal_amplitude_db,simulated_speed_mps
0,0,frequency_hopping,14363.093189708216,2.9982158371731447,2262.9219707199245,-20.672316122787002,1.7070599553944077e-05,57.19325600403323,740.485451943747
0,1,staggered_pri,8838.69031263343,13.369050372020936,3006.482876445632,-4.354564358560282,1.8002443784977487e-05,42.13568213774779,159.5119511243453
0,2,jittered_pri,8476.753722167934,19.719611479484154,4925.532549669937,64.97708972242907,1.1937933793122302e-05,38.45652503614029,288.76506666046873
0,3,frequency_agile,17523.903825930094,5.321503179482021,1263.3584870904558,-57.68018432604961,1.4422542210945286e-05,36.31987702056671,452.8606740523991
0,4,frequency_hopping,16060.107817451402,4.892332181500386,1663.5212293783568,-4.647657846909269,-7.967969922182853e-07,74.88239835918502,103.00078707401707
1,0,burst_mode,16333.229733090502,16.71156145471905,1872.5787084639014,12.133378973088611,2.694422360562338e-06,66.4368769596856,212.66109136526904
1,1,jittered_pri,1157.0616641147155,7.723767028359985,1604.887761999648,-75.01507026773274,4.849327128546542e-06,56.3327591001677,63.720424596293
1,2,fixed_pri,13579.040574090826,1.5764435475573877,4052.650511658814,47.383801383652425,-1.4344262876889361e-05,50.919032363848444,86.96294187204812
1,3,staggered_pri,10340.951738779051,2.3796730056658655,4372.47811458226,2.018119688580583,-1.0655594721013856e-06,34.92196683161312,339.29443707348355
1,4,fixed_pri,15979.810450640973,1.5063494669591218,4867.192910302904,32.610838723257075,-8.628052623539304e-06,35.223737750698305,266.47912678913815
1,5,jittered_pri,14743.639995378291,19.75313319073929,1864.2308251821714,39.53460206972369,4.111382684079316e-06,58.33023836105981,665.8865143496411
1,6,jittered_pri,7309.168461396438,18.161700497301677,4109.53520478999,49.789726138915796,4.647938918495715e-06,69.39782913479009,269.35053490986337
1,7,frequency_hopping,6861.1603105579,8.13453109406256,2773.9156991323234,-42.79797873658579,-1.1106192755449374e-05,44.06949786840398,604.8208018914768
2,0,frequency_agile,13351.99440569184,18.75388111294572,3013.2305663864972,-48.61919685715458,7.181754211364262e-06,42.15408417730322,44.358971747149276
2,1,jittered_pri,11214.893028134333,1.3776050542631644,4283.044450585574,-72.57543026733416,-7.459615744613042e-06,71.29315326436077,854.770628456561
2,2,burst_mode,4571.175500009878,11.28520476645728,4177.363407136632,-17.628856246065595,-4.861112410322832e-06,26.807016844553686,228.6761205820994
2,3,frequency_hopping,5444.416388820436,12.885544306514852,660.6430945837029,-68.89495867240043,1.9739563002090422e-05,56.818492922933004,227.90036207991017
2,4,fixed_pri,14394.425741197108,1.9005914891538254,3548.6296476883404,48.73431577986298,1.8265414246282193e-05,54.02352363912178,457.23766679934437
2,5,fixed_pri,4202.211564306885,14.466010213554997,3134.9667617715236,24.366541652395995,-1.296209251649783e-05,58.458700066623116,663.2805677777234
2,6,burst_mode,16117.888837778164,19.956878866722676,2253.813321074845,-38.377422352935554,1.4124143869227694e-05,30.65792587702364,876.8150829505267
3,0,fixed_pri,7009.842914976573,5.074744832703377,4795.5169030854295,-5.859241498689457,1.715243925489311e-05,33.19998630324094,165.119460507011
3,1,frequency_hopping,3518.795565880448,8.187790018471865,4365.384984189796,-24.47041648890295,-1.4047091911096131e-05,51.13164410114847,892.7494349941261
3,2,frequency_agile,17170.00025332436,8.207279511314294,3038.5393337628693,3.654909946646171,1.5048872639779683e-05,43.45584003897395,390.72999992055344
3,3,burst_mode,13017.74140692257,6.991395644931362,59.6199616114966,-66.50614026719333,-1.2006328119080266e-07,34.42477521361853,445.1601701513094
3,4,frequency_agile,2596.949657920353,15.534740361344092,438.34611896585983,15.90762931843878,1.4311140494367695e-05,62.05506184210564,372.09491533758666
3,5,jittered_pri,12726.063598872794,3.997230851978107,3016.2390156325173,66.71620392462512,-1.2599685753631684e-05,57.954401513268195,41.030227126716646
3,6,frequency_agile,8893.93727855041,17.07001824704576,1050.058306144698,-21.252453819257084,1.9613420860005103e-05,70.64085844452246,30.571507913990104
3,7,frequency_agile,2878.265878009356,6.371512022834648,502.9674404209329,-45.731068987805784,3.4639164622313575e-06,31.298019399045614,90.55601573716949
3,8,frequency_hopping,9337.608070987511,0.7493906484482351,4997.398517863394,-26.86168941349944,-7.91114077552407e-07,64.23890840252034,641.5005092340757
3,9,staggered_pri,6202.1142749593855,8.171690987102684,423.0558216382402,-15.34956568746864,1.888885163074201e-05,59.70098589190382,426.44236034987966
3,10,frequency_agile,6718.628192662636,16.182099066217557,3279.08658160213,-47.887172988560955,4.396441485360239e-06,32.05830508607327,447.18734385551573
3,11,frequency_agile,6214.178694487934,9.911359481462055,1112.0241168275318,-3.481904329770984,-1.0822755772955817e-05,56.110138053925546,683.900262962712
3,12,burst_mode,6182.843988388173,8.355575231160639,1513.5831562936714,25.074041726836228,1.2568733244463305e-05,33.216791347207064,229.2682643057086
4,0,burst_mode,9743.086818942103,5.657109006764912,1535.2735463580605,-54.87627060658891,1.4710565556474932e-05,53.47594365698452,220.35111853844847
4,1,staggered_pri,2122.2255927678552,16.848048819772952,530.8572848771973,51.85201791915992,-7.739519927878598e-06,40.46116849444279,90.67232531412643
4,2,burst_mode,6845.797436162237,19.73177964208663,3975.201340767853,41.69462606719381,-1.459541202237829e-05,43.227955329100666,612.5291741585285
4,3,fixed_pri,3628.1613120020297,13.702132836170069,637.7073189022946,-3.2936463117191437,-4.529262960727768e-06,73.36731783216337,567.7282491700109
4,4,fixed_pri,7612.902420709968,6.78999305935896,2249.0401815515634,-8.882138625338314,2.7453220789854454e-07,48.22530035961616,464.50231646083574
4,5,fixed_pri,13409.924691649261,11.658812345353562,476.00681124799445,72.38688841877666,-1.7345419593894153e-06,69.70315617807648,590.0448113447056
5,0,burst_mode,12170.520525757014,17.427888932687214,1801.314780400688,-46.44762140214883,7.652149159161365e-06,31.87131674387345,755.9117070536342
5,1,frequency_hopping,12488.472673697112,11.032654916073108,4133.466568475314,40.13078938254998,-1.7450043025609585e-05,41.92138047025777,468.0888409264029
5,2,staggered_pri,6672.425572761873,4.567963088812321,4427.797722681389,-57.288560806369645,-3.1120841322417075e-06,56.139926135286046,874.6167882739624
5,3,fixed_pri,5147.942061537686,7.888050749766335,644.280604857698,55.67489638000987,-1.2219792671169088e-05,31.47755386168725,653.1162049379834
5,4,fixed_pri,11467.49235888764,8.722860918744617,1564.9654043059738,52.39391597584199,2.837447685492044e-07,49.82333929729218,102.08959999438892
5,5,jittered_pri,14357.325132479815,16.86126279626922,4626.197949122406,-48.63001612790411,1.1406737564842852e-07,27.434890957125447,215.917312620786
6,0,jittered_pri,13304.788603742116,14.319893614814813,3566.9463476245387,28.01222811458807,1.2698414202277684e-05,74.74658482903848,49.80280973947709
6,1,staggered_pri,12005.47226033279,18.088472409681227,227.49338406265682,-77.33946313419791,3.695964593566735e-06,59.983714720224526,547.4146839735162
6,2,staggered_pri,10769.304818592142,3.5956813942514656,4993.274569335676,-65.20107387058746,1.581213954057081e-05,49.57578233304463,200.43446505075224
6,3,frequency_hopping,3588.216487481494,7.23749922681842,4294.598990845489,71.58705612764498,-1.3397663600824231e-05,36.55373056809747,762.1895370462395
6,4,jittered_pri,6482.2129788952625,17.425553069649506,3170.1089545922505,77.0595477575296,1.8648757875353903e-05,55.846889984032785,421.05548818284035
6,5,fixed_pri,7209.529657065551,5.773544605996659,874.8177941676707,-41.645973316891386,-1.4790917200505056e-05,38.05830267426232,739.1513927914407
6,6,jittered_pri,13795.20908897412,6.226193539938725,1264.5388893992508,-51.21033709887577,-1.4619393345284977e-05,28.31173373781699,139.54013666523142
6,7,frequency_agile,2654.002572158069,19.949844257388804,42.660702512010765,54.78490977523947,2.3316282138450378e-06,72.86417975259096,304.2899264130773
6,8,staggered_pri,14600.578458687985,0.9284499684436389,2712.1667264564735,-68.1872360993264,-9.814606689936874e-06,61.25995590029386,679.2647507674951
6,9,frequency_hopping,6731.8107257355105,19.326037530668838,2285.561904446536,-19.146889421020973,1.7771431436217115e-05,61.80877408534988,493.05983638790065
6,10,fixed_pri,13196.506619677708,5.61107970769877,1342.7874710345598,-36.56191527907795,6.8167911901702275e-06,39.70886419566503,279.3264795287823
7,0,frequency_hopping,14385.887796169442,3.6502877000358414,1146.1232911984469,-35.75016840851114,1.4786972960765131e-05,39.39501985775611,383.11491004281714
7,1,staggered_pri,15841.74553576638,11.2973906746217,4677.382434894045,-0.14518209895712175,-1.4982113074917187e-06,48.719107823869436,228.70073992036913
7,2,burst_mode,4234.532850732299,16.68489873272786,1711.5827754695817,-12.62408397092996,7.2926343036708915e-06,69.25508465003364,620.9707327413269
7,3,jittered_pri,14877.186868484672,0.7930838517796308,2562.9614289690103,-59.40278831413579,-1.1137729491743063e-05,72.44996192477859,3.339214816596603
7,4,staggered_pri,9905.290439102882,3.234237763999788,1993.9848953646986,-4.378553191848567,-1.6502382620920504e-05,74.72476282926672,34.00733328310548
7,5,burst_mode,4350.33359633559,10.888547938313534,3478.715762402721,-8.250667940694498,-7.904718189915134e-06,59.483434034059584,618.539477022172
7,6,staggered_pri,9106.245603613443,2.6474948324266308,2293.704371594118,-74.78074512765377,1.8813676748739324e-05,55.243690946502255,67.56314715601974
7,7,frequency_agile,16655.716410007568,4.736647660205072,4857.701519055889,-12.824137326742516,1.3086960321013414e-06,39.940525706492366,845.2628047928464
7,8,burst_mode,1362.7254675019403,8.119622783411844,2777.5928275363667,21.478889742463963,-6.281811482803113e-06,40.69460222073836,255.48907555803692
8,0,jittered_pri,11120.187732926788,19.76995595758083,536.500732121879,-2.4572186387482304,1.8359472487395795e-05,42.39384388140066,666.5375798265421
8,1,frequency_agile,7349.4655310826865,16.878804058134385,4585.41003075627,-37.27151972197389,1.7644104010181062e-05,38.83566213729381,826.9891584718853
8,2,staggered_pri,4895.223968190943,17.972157654254694,3681.0246590373167,-0.4000220316370928,-3.687995203837041e-06,67.92935992727493,175.88852155402478
8,3,jittered_pri,1860.7233068082633,7.891957068803043,2001.5743577230612,-4.855949332901844,9.629286177718515e-06,53.442647814617786,642.1937195363367
8,4,fixed_pri,6956.903304619685,17.581176471108666,3330.4405063842073,26.468626898776364,-4.789307824206372e-06,70.1335159883006,850.175518295714
8,5,frequency_hopping,1766.9926359114984,6.989994266970165,2929.6181731530905,51.453210979253726,-7.575793138270833e-06,39.98274753854868,662.911168940953
8,6,frequency_hopping,15750.814378984693,18.071784131573292,232.44493881418228,-71.98244065410245,2.056015387645895e-06,33.345074740983165,101.39271944863223
8,7,fixed_pri,11392.104330559703,0.6545089007763794,4086.052559022768,55.1449870815388,1.1340203933961027e-05,40.17173344484038,569.134689739507
8,8,jittered_pri,9851.990763094356,6.702500606796517,4548.939713684954,77.72985136866782,-1.918160319128889e-05,41.53364389816551,326.1650447676172
9,0,frequency_hopping,5049.12237138089,4.345644212247595,2428.5285964227132,49.60172046011937,1.542658695328423e-05,38.015786763845895,403.5671529350645
9,1,frequency_hopping,8917.328634466514,9.826279762375371,2842.5827427207864,-66.53109062180361,-9.873757874610317e-06,53.99926577804807,289.049556023301
9,2,frequency_hopping,5115.295473280982,2.6983095356453877,1748.9803357780304,-70.3707666043948,4.033170196662052e-06,52.29714608354969,826.0340049299019
9,3,jittered_pri,17210.900587960456,2.014506277855845,1678.3866107451036,43.130859206404125,1.740726988783818e-05,37.336440884431795,577.6922096850549
9,4,frequency_hopping,5819.885627249742,17.08805236471601,4227.4764549582005,-52.50828148324578,-1.5130143198966881e-05,55.025514837343806,210.06738650776768
9,5,frequency_agile,3270.159596806261,4.295993919236819,4350.203072992514,78.98846603492424,1.2183169258639228e-05,36.638342385300355,158.25767828018363
10,0,frequency_agile,6472.122054796266,5.098150882786395,2985.203608152599,18.764923053005276,1.249036510326716e-05,45.80373203235115,687.7103476298172
10,1,burst_mode,9610.291297357051,6.6691902121563835,736.8277398707735,0.06306009476439556,-1.4462832852455932e-05,46.36523587331201,290.8290419809718
10,2,frequency_agile,1922.4080208411485,9.518383921134271,3927.0618763679586,-65.01089417593897,7.557901601508915e-06,33.55803702672089,29.66538795064101
10,3,frequency_agile,8307.269402680864,17.183823667076467,3162.7792473888385,71.02040800442362,-5.811463531714698e-06,39.031099251384106,192.3424477881962
10,4,burst_mode,3614.0162659873804,19.996965900358287,1160.36986118102,33.63252433212516,-7.795652556733881e-06,29.109318434500135,22.40296937219679
10,5,fixed_pri,7118.938046625686,9.990722435756785,1667.5072515799575,34.870267484496935,-1.844845065978534e-05,72.6906291140492,494.4311875230568
10,6,jittered_pri,6710.661076959431,19.433792667902395,740.8506989780603,39.70611559676706,5.233864111915372e-06,67.56788386947453,879.5585192799222
10,7,frequency_hopping,9521.589000294687,19.275809432334263,2355.0134710755933,34.28000155320797,-1.745450642788699e-05,47.24838730559237,243.7081107663205
10,8,staggered_pri,14524.097743381059,9.912513334361217,3897.018278952369,40.855884695875076,-1.7694699418161263e-06,41.70554693853374,369.1220838105605
10,9,frequency_agile,13440.991953028004,4.604283430162274,147.58068327630247,-40.27351611823954,1.5303432799028708e-05,44.841891988944944,181.31493064012244
10,10,burst_mode,3220.956223144256,8.206249281991017,1274.4674306343713,18.56730262248327,-6.169665114267154e-06,39.315795258518165,872.1100822449374
11,0,staggered_pri,14786.34529351567,11.885571495889472,1906.7921624021697,-24.33770526796824,-1.862636818429583e-05,45.81796570555376,781.902524043593
11,1,frequency_agile,12159.785758525531,17.830182157582577,4071.2744421205143,3.920628662680201,1.9131652730080496e-05,39.82581793679583,899.5168886311835
11,2,frequency_hopping,9826.001468082677,11.022073802487238,4722.293735955653,-79.65821282909802,6.265033558350714e-07,63.45392429489431,34.29830317532292
11,3,jittered_pri,12716.350906963471,1.2063355317708553,714.4408132552677,-17.127181752190275,1.957155013671996e-05,29.24479294331651,286.095179483949
11,4,burst_mode,15326.948143735848,2.5790547787504567,3141.9741321103515,-46.97708673054612,7.904385391896535e-07,42.927526990799876,110.15068419304521
11,5,frequency_agile,5281.748349506649,16.030102499054472,1676.6126806412124,-8.446654482117168,1.6173414161109243e-05,61.022670122689945,576.5100155563931
11,6,frequency_hopping,3652.2364846722057,15.49479492535976,1722.097589392541,61.95387310016824,-3.2958999140669185e-06,37.513375422874645,825.177914782375
11,7,staggered_pri,10146.56846477098,1.2124786750069738,4245.4874405296805,63.526591854398276,-4.3672651933453285e-06,72.4284151321209,698.5304348245063
11,8,jittered_pri,7415.239891651497,8.712023758942353,719.5014562305017,23.70319901421584,-1.2499049778979272e-05,26.270787763716868,446.3885988093612
11,9,frequency_hopping,8699.079994654312,18.95196907380043,2257.1156616311428,65.01289888559666,3.4128425086854235e-06,39.99866005291718,133.43954511722356
11,10,staggered_pri,2416.9965904086343,11.633032094357832,2750.3987627932675,-65.13257749182009,-2.7924132618464488e-06,56.680297196835,487.8247344476986
12,0,frequency_hopping,10089.595582920849,17.290067568643064,3702.883047348325,-31.511730603973746,-1.8272383588171054e-05,55.37017983270614,428.15986001996527
12,1,staggered_pri,8125.385181700601,4.281783589684115,2816.9550456373836,40.0804105633879,-2.673443658294645e-07,66.59775741398576,263.68165733007515
12,2,frequency_hopping,16870.148552676546,19.94477840868638,1967.4248197568709,-59.658979342789124,-4.888446776595146e-06,54.27836280231702,38.942879930583715
12,3,burst_mode,16389.87357022168,11.595806081335187,1549.502106916072,7.177026929119691,1.4844890431099946e-05,53.69335033381729,688.7374671991286
12,4,frequency_hopping,16607.21228597517,1.087537949292158,4518.785460749184,60.45916730436272,4.3157709607619755e-07,73.82045431143396,674.2983160334568
12,5,frequency_agile,13329.507580863177,16.24011868742754,4833.5461105827735,52.05810500730411,-1.5872064806096e-05,33.788809281089954,648.516080984224
12,6,frequency_hopping,4230.931279403912,18.776490515151153,3491.703069604322,-79.39974188401175,1.4856301434023966e-05,28.25342407460424,10.44223744798014
12,7,frequency_agile,3258.3550885470468,16.33483362298053,1948.9755974780849,17.339919701645186,-5.239262640473763e-06,49.10890603604065,575.0679091041526
12,8,jittered_pri,17190.927874955196,13.350167485305759,4778.535648086646,10.160955784994087,-1.1907245694798038e-05,33.408837376524104,691.1001121677643
12,9,burst_mode,15512.696818000008,15.126250096629143,493.6728921882744,72.74379999031578,5.092424335070877e-06,45.42506995581032,689.7974141031925
12,10,jittered_pri,13140.940375701515,17.87768749182254,3091.610600684007,66.9068909320759,1.7281495736962168e-06,70.91736913212816,783.1635744213409
12,11,frequency_agile,13257.1439246483,1.293742513300432,511.0858918052569,33.27336192166028,1.2735551976325201e-06,72.16646544792623,93.20471311879281
12,12,fixed_pri,17047.525859842826,2.2304615017391862,3601.935311053736,26.094518329902712,-1.0263615243829009e-05,35.39589951593684,343.81860255160564
13,0,staggered_pri,6812.80362076464,17.67430448454938,571.8244549377093,4.8896671351472065,7.12308615128674e-06,73.5193366506681,358.35805451267294
13,1,jittered_pri,12236.895700906949,9.505537652954118,4800.660324919116,-25.30425499103938,1.136161362842431e-05,66.30536627976662,90.85300754102028
13,2,burst_mode,10799.253524749389,1.690479764328324,4714.629395625807,-78.82071917443058,-1.1139647176825154e-05,29.14959189224801,895.246302898338
13,3,staggered_pri,13232.358053545217,8.92830108618005,4079.3224829051223,-12.735478598755549,-3.0367576977435734e-07,43.59047380523052,759.2221232278685
13,4,jittered_pri,6914.286069719274,3.936409124178916,2521.9325346766655,16.196543011515047,1.2130561916077034e-05,50.69336688703088,330.53402477556034
13,5,fixed_pri,3925.1882969128646,5.562635495592462,797.278083971538,-39.00132542874944,1.0926567962812964e-05,41.680089000359544,254.35434028980208
13,6,frequency_agile,9237.117675843878,1.0269885238134973,4575.646755787741,68.99219823808312,1.774936766175938e-05,66.73974752362582,250.5834433464264
13,7,fixed_pri,3871.9711677091327,2.5620981543100054,3690.969632528766,-19.916570217806978,-1.6945141312699655e-05,59.75289738599284,261.81312437523115
13,8,frequency_agile,2387.3625901952933,19.036969122701546,3195.2580547460466,-70.49995239775967,-1.276617871880711e-05,64.0971004122402,176.40774842824837
13,9,frequency_agile,17689.820073852443,7.572624707156583,4295.027955648571,-73.15506098469467,2.007405781021099e-07,57.72340813279306,287.3043150201387
13,10,fixed_pri,8185.846704103378,5.357648656130808,3668.0385256327686,28.590925173549024,-9.893136840823474e-06,46.012489169953234,478.69634252096324
13,11,burst_mode,8681.117470854426,9.515051581073635,500.99538966443305,-75.11675031917702,4.71810177588441e-06,53.58352927866203,581.3317509925548
13,12,jittered_pri,16313.566469381152,7.793865224697679,4653.74954150743,-48.356434868584245,1.889289477547363e-05,51.04746165519292,690.8867094392965
14,0,frequency_hopping,17949.698898366936,9.431618978393383,1528.0240150235525,76.91729487421367,6.6923716964380155e-06,40.27609968073813,285.38604725227134
14,1,burst_mode,5552.470064425367,5.274997126819523,4510.705951885955,26.006444019320924,1.5435800059841938e-05,39.38861044821827,47.1966464909597
14,2,staggered_pri,9984.933504473447,8.54455698984751,2208.127980328359,-7.512875051472349,1.4041960445359772e-05,59.38690222577195,257.4142816627514
14,3,jittered_pri,14164.107104218374,6.12255220269506,3324.4912413437014,-79.69176234158837,1.3071001372281023e-06,70.92190501285413,556.4715170495326
14,4,burst_mode,3915.353937989146,3.257053829891045,523.5250038264451,-33.52523679255603,8.645440057147229e-06,39.29204940085846,753.885061486487
14,5,staggered_pri,3769.8951953590467,2.106002419299678,1866.4239214655126,2.4727976657939763,1.1172154398545697e-05,55.38656108392578,742.0155877073676
14,6,fixed_pri,8869.396339901454,2.8544604076705813,633.1157591496184,-17.675835890590612,-7.018672519897127e-06,40.82486371707832,436.1033052236426
14,7,frequency_agile,6571.11588821789,17.67048944837943,4892.084937659283,65.78029639663018,1.954794434202903e-05,31.889230606638236,226.5617596380255
14,8,frequency_hopping,16492.34862537381,10.701353572328113,4311.709721115323,28.56291273572282,-1.584608240188549e-06,48.27989576534971,648.5436388767453
14,9,frequency_agile,8437.173286719311,0.710141034287709,4849.155680241535,-18.53783705188313,-1.0088517720364174e-05,67.70128666667576,185.2083763583393
14,10,frequency_agile,9307.86677581689,12.915601312660002,2833.4555177475195,18.829430056340982,-4.724745018145745e-06,33.74166357812615,648.6903784428674
14,11,jittered_pri,13825.013976794442,18.000223399251073,1450.0340357967243,16.5351756939244,1.3682542542357725e-05,68.28056543818198,3.0281407557687934
14,12,jittered_pri,7357.24367927494,2.7441319790869176,3871.446615943063,-75.95700879891953,-1.1290434148557745e-05,57.80710582107161,216.10355523525675
14,13,staggered_pri,15494.086719698065,12.504828434341329,2312.344616312266,0.2771598827908548,-1.019606357311477e-05,64.42498910508871,250.32346996161195
15,0,frequency_agile,1851.8514870201295,1.9157147944622102,3358.82609043443,67.2018997467487,1.0328612343690528e-05,40.398168779567996,102.24878781873403
15,1,frequency_agile,1537.1090349843898,10.227845483529267,4507.064335749764,-63.02105472349582,-5.7045046305252666e-06,30.94350582629714,448.60691710555585
15,2,jittered_pri,4678.9473166136595,4.553904988866043,4040.2339682488464,5.292429240380898,-9.736558717592089e-06,32.886902354972904,712.3500735730605
15,3,burst_mode,1695.4512587292884,11.145717913823237,755.4674220915517,-15.220147915329832,-1.103332644011701e-05,62.8212445218265,726.469509702861
15,4,frequency_agile,17433.274029806664,18.857557448728056,3541.6731719110694,35.678364796744404,-9.40175778194388e-06,43.764491838765686,59.63792634569845
15,5,fixed_pri,1479.7027548713277,9.099298374987448,1021.7281742346485,42.778999488042274,-6.809329967662974e-06,57.54980339452078,614.1532651489701
15,6,jittered_pri,17233.03641509216,10.313576361229664,3146.082852119854,56.706726828591655,-1.8534300030731595e-05,71.26503036393805,428.5757022963905
15,7,fixed_pri,2291.539937182405,11.420498661309855,1018.9232589186521,57.54357877826044,-1.2883199847782715e-05,48.692123393521896,676.5670909653825
15,8,frequency_agile,8720.964051974403,15.602109880784313,4427.896518164367,-5.0733568378100955,-5.225607397583368e-06,60.962931014049325,868.997166341993
15,9,jittered_pri,13845.955503525829,13.021840409916663,4442.531225122092,44.97725440874456,1.2626844687900836e-05,47.29384740126003,62.7847775422816
15,10,frequency_hopping,17776.76997928951,12.937882227095066,4630.4642777264025,79.85536498322745,-1.6350731475244014e-06,43.08468516352444,781.3751501137311
15,11,frequency_hopping,14151.169561267769,13.333365465122561,2564.0053551731357,-21.925004486982473,-1.5996707505130607e-05,40.64949287309333,542.870961482103
15,12,staggered_pri,12997.391886181622,18.221123901896394,840.9472767923348,-2.9183153732794977,-2.04944245643961e-06,70.38838623706678,797.2761084169529
15,13,staggered_pri,17940.454000263406,6.38544474387393,229.9432069859628,-48.112934400731646,1.8656076449837057e-05,40.54656716849017,774.8452144531502
15,14,jittered_pri,15496.933600985147,12.562629019306353,4554.3674110431375,21.14415029353819,-1.4636559468572915e-05,53.16638800027228,854.5440447228249
16,0,fixed_pri,13782.793995130174,18.82586552689282,3140.084724583545,27.97941965798202,-3.955636096410396e-06,36.24351518362093,317.02477498982057
16,1,frequency_hopping,15293.002933633961,7.539613711428815,2705.89420862431,-58.298713004163965,1.1704603690016615e-05,49.49311881864882,293.44647059721524
16,2,burst_mode,16152.096538084032,17.822422269683866,4117.001890634087,-10.771046070910174,-1.2876760953262992e-05,60.930315664913635,678.2543770089425
16,3,fixed_pri,4038.2143183559137,17.608999629356948,614.3125308036836,33.574719084782174,-1.0226117010669347e-05,40.07887758549697,42.06396193935845
16,4,jittered_pri,13269.463071902326,4.373004876361392,2039.9719549401502,-55.089331233164756,1.0483322912049934e-05,62.109627289871725,110.877505787303
17,0,frequency_agile,8753.051687807329,18.57176692215209,4285.3992623630365,-29.33461861609642,1.335734446672855e-05,53.76434268623727,261.56487443696506
17,1,fixed_pri,12486.761166131751,7.939855000259127,4746.63175251328,-26.320613592027406,1.1809055638014922e-06,72.01774415110854,547.5792746304811
17,2,staggered_pri,4440.229268148015,19.118664390714326,4344.933417421276,-59.552618280883145,-9.123157424661845e-06,68.5068990163171,315.8905441543455
17,3,frequency_agile,8641.451452571322,19.238520879546872,703.4313687255382,29.248230000425494,8.82251868336491e-06,67.42431355086305,761.9580785845037
17,4,staggered_pri,10381.478538756706,19.181967146417595,4348.029774896102,-74.35218399907797,1.1696503187669545e-05,32.37273915450096,829.6413430455833
17,5,burst_mode,12450.600235236388,2.263748754208235,1437.8585795791334,-8.254709776676492,-1.0311193231195884e-05,71.67764999473494,139.04285926319832
17,6,frequency_agile,3151.806056318509,4.03464756749039,3722.255875500115,-55.82402615000699,-1.9742100548528137e-05,74.98565418627825,261.1566089508619
17,7,burst_mode,5916.199981298199,8.230350376818212,979.7917766946754,20.412101309249962,-1.655312336660024e-05,58.14722906254982,452.77858301344753
17,8,frequency_agile,17567.314536425736,13.628375001198409,1175.4866687423569,53.643527032767395,1.9356538415931487e-05,45.64619497491925,792.1169802524101
17,9,frequency_hopping,9117.244461983142,13.919714054486523,844.2983879523082,-14.798744199530063,-1.8730561931327935e-05,25.09074978561096,382.0474837337676
17,10,jittered_pri,11151.649626310931,11.446713518339344,508.5279951870839,-49.01906169753964,1.0747480859613013e-05,49.711117889049405,167.054436411156
17,11,fixed_pri,15149.94798093788,19.3474786708884,4814.535857713396,19.293205040902492,-9.449275859648396e-06,68.35798778671304,160.12951260635603
17,12,fixed_pri,9953.939699538343,11.932367195232027,1519.42796033044,-58.21513138054588,-2.445948554855777e-06,65.76040438463397,248.68934260141515
18,0,frequency_agile,10262.868311826554,14.071173248439647,1958.7780463676954,-18.222194517134902,1.3231388531160911e-05,34.9165022613108,549.6742562257582
18,1,staggered_pri,9098.01432781318,7.568892038397638,367.56119660474855,-21.301850882801254,7.980228817876235e-06,67.57160762723598,740.0828713368696
18,2,frequency_agile,6311.891719752554,15.038285127782443,2882.1584147210815,-2.229240796358198,9.390453535270022e-06,37.83493983257549,892.227611962789
18,3,frequency_agile,15664.054402485184,7.076469556210218,786.4907656037385,48.085039588678,-8.072116406767235e-06,36.50210009443018,500.9260213703121
18,4,staggered_pri,11175.531682435745,16.041573944818758,3800.3745530865513,40.482035763695364,-1.9022426968269668e-05,61.94655367976705,609.9201035536969
18,5,frequency_agile,6238.851673954056,2.598444560259065,1819.1308793858095,-67.07212002709254,-1.8917506957177255e-05,43.71374300396945,447.7865017636903
18,6,frequency_hopping,9635.504341330545,17.64396478021558,3412.695231580638,53.27601488775983,-1.6484545204398172e-05,51.510227695689366,732.3942126810806
18,7,frequency_hopping,2346.821460272394,10.433956824066108,3036.802654338262,3.4364330080137506,-1.6616923538454958e-05,66.88058184443707,55.94496492191856
18,8,jittered_pri,11609.905070837054,13.372634211307751,2761.3815475262572,40.66649550482751,-3.1705291134693693e-06,57.466448837784796,461.4216647886161
18,9,jittered_pri,2511.4689511982015,8.930474156445861,3640.765472842057,-50.56818982344767,3.513662938649853e-06,29.37072144462788,241.81034073570018
18,10,burst_mode,1092.9789045463697,1.8223298651149742,2057.857709250433,-26.6296574993272,-3.0739249204258823e-06,43.287859017629614,67.52947170897093
18,11,frequency_agile,15296.666341601678,5.114844731470454,3509.1032671975127,-7.957467730506465,1.9579662689100088e-05,60.14057422251384,92.38113251529472
19,0,jittered_pri,7136.933185000033,11.349750904546125,2191.9411992278715,-29.153599225232313,-1.5345661262650535e-05,53.0422811893675,756.102673649907
19,1,frequency_agile,1535.0083121251405,11.251742323337677,4924.733739747898,-0.19846632838456912,2.0709272805773917e-06,27.356554108069496,235.96578820114445
19,2,frequency_agile,12988.56744655894,17.267751300434973,4245.069278928125,48.28654602629041,-1.631439790229402e-05,48.25360302130122,385.99032790564036
19,3,burst_mode,17730.750157967428,11.942859088433341,4596.237728578758,74.77953780475724,-1.851055318981539e-05,26.888207431747542,883.648365071333
19,4,frequency_agile,11900.307618491164,16.113176060127884,99.92816859135513,-25.328217595914296,-1.1110191140627769e-05,72.28399026800355,297.40106534955055
19,5,staggered_pri,2586.871622254975,9.192417492721038,899.7038313771251,1.7397471949526135,1.6053379030395137e-05,48.560482785835724,188.22172197877492
19,6,burst_mode,16211.228231884495,13.389903301558707,2552.768647204341,60.87286235749994,-1.945479149023837e-05,52.817024309302866,457.1431479110221
19,7,fixed_pri,4890.874351903512,15.66187765796329,4538.386181105774,-72.47197879373678,-8.809870733505192e-06,61.403355665989835,509.3100678461288
20,0,frequency_agile,17385.923542448974,18.410338244476932,1271.1981692101078,38.41486614478191,-4.552899704671146e-06,30.833542991957263,272.9620103227362
20,1,fixed_pri,11234.959367779638,12.755908619312514,4181.365653017156,-55.653169805248766,8.599254633170072e-06,52.66708570764524,490.19917975373494
20,2,frequency_agile,8867.63533631086,4.3699374994751565,1553.5154441616917,29.25292367045985,1.2818457314719501e-05,52.779866042438194,286.841693917189
20,3,staggered_pri,17631.487063025408,10.272183762084056,2396.3229219532845,3.544493525555609,1.481824613839992e-05,53.25472936353616,422.079456828343
20,4,frequency_hopping,13143.742267388243,11.348619080262598,3620.549393611693,58.326124216632394,-1.1429792159159708e-06,73.09741115186324,206.37858527550816
20,5,frequency_agile,14572.6349377245,2.816046166098877,3769.1300634458566,20.16428825974009,1.7818319979625832e-05,39.48222288503081,154.0712177749952
20,6,staggered_pri,3066.7208339990684,5.950090536538593,1334.5819716418905,-73.78877444907599,1.914509578171745e-06,55.56102245353519,46.56652628390676
20,7,frequency_agile,12913.14725520092,17.75544122734547,938.5204018440986,-0.530496215988876,-3.8143532592643067e-06,33.006460378623245,370.73877889980326
20,8,fixed_pri,15027.699755765118,7.24855533031363,2833.2236157751613,-14.424421604015976,4.334791596254454e-06,51.34933959688884,862.6978697177314
20,9,staggered_pri,3865.576817119113,17.089535976048687,1318.5276326469768,-37.82523704404946,1.5600375928426432e-05,56.259204404850195,601.0856268763185
21,0,burst_mode,10286.688734764768,7.242950305039835,2166.4386263775214,23.169763994554984,5.4809490783125575e-06,35.56346068900004,728.9236093208834
21,1,frequency_agile,10752.49188371457,0.6333105357493185,4004.457523874198,-31.55986799823225,9.467467136409293e-06,38.56203702041729,255.82519793407423
21,2,frequency_hopping,8324.216646495759,19.322824720177536,1512.3274746792185,-76.23300226598536,7.375356182430162e-06,50.72754490539798,547.5280886507942
21,3,frequency_agile,15688.547708037493,15.365199953338257,2299.7262665259086,6.87494846680805,5.654296833952262e-06,43.573305518065894,299.62739576989634
21,4,fixed_pri,9542.134880423353,3.6601971871749335,4725.171581503719,55.83062880024602,1.0648473583379442e-05,32.34730457369321,453.27472142239736
21,5,jittered_pri,5143.283881689006,13.055027539614349,3575.6288026844013,-2.7350532517926354,1.78421797732445e-05,32.856014738688884,466.1362677224557
21,6,frequency_agile,4918.965071203403,6.551162469476397,3816.1838576179575,12.454886252834882,-7.566091254551687e-06,52.41093841103893,117.31254423834584
21,7,frequency_agile,5207.216609562928,16.1519190896442,4536.053167700653,-33.48535808823833,7.631688307914356e-06,33.01302589360708,93.72786223941118
21,8,fixed_pri,14778.86027055583,11.599136673391259,4750.663721429859,-10.695461026403024,-6.2293688030330254e-06,74.373011373704,308.06141450955454
21,9,fixed_pri,10338.219297543046,2.571289304263295,2145.9381471459883,25.608106346922455,-1.7244752731119616e-05,42.95887133031725,405.55522763045997
21,10,fixed_pri,12146.876082152541,15.119373301858536,1829.1056268716623,-15.731768484228894,-2.4940764021984616e-06,64.68626380888671,75.50319364885378
21,11,frequency_hopping,7242.578272275272,13.820958272572067,4911.950484986662,-7.987601307895019,-1.1010597382329369e-05,44.85753208092405,161.65753377638637
21,12,burst_mode,13673.751468496857,16.25473578079574,3548.1358422087683,76.4340730585123,1.4464998914732864e-05,35.75426100440713,899.5051841717518
21,13,staggered_pri,14336.656976858663,7.606747113130691,1430.4526431891402,60.58235154499019,3.7418642818170065e-06,34.44648033934884,520.3999366772613
22,0,fixed_pri,6608.40846471316,5.600221288076237,1316.0119406550414,-66.81543589117537,-1.9131252778998136e-05,45.23278761724366,73.86081339521763
22,1,staggered_pri,2079.8011794483323,6.209006421676627,2275.139084865947,-75.65847808701716,1.857287105018581e-05,36.79579674965929,578.3800426127304
22,2,frequency_hopping,14272.717132944805,9.123004472105983,2107.3227851127426,64.74264710308245,-1.3741383463733158e-05,49.49593315932259,405.7744242197307
22,3,frequency_hopping,14140.749154742067,7.727494223096003,4070.446614510934,-70.38106385069446,8.905222422565504e-07,74.01157704438516,541.9021208054145
22,4,fixed_pri,3016.3673201816537,16.311133573227334,833.8803195729861,37.53684062299534,1.409007270218999e-05,31.86887768190163,22.134777604774193
22,5,frequency_hopping,15793.606659444678,17.163511474118717,772.0455150066468,-13.67744240512738,1.8114693788231814e-05,31.369274623527282,142.31745575049453
22,6,burst_mode,8218.77342418806,2.565795848617534,2151.573909901274,36.35667774713282,-7.266645406823669e-06,56.69391984663996,666.641636688348
22,7,frequency_agile,16883.115998658173,16.8682209418395,4235.863632670338,-9.549946394493261,-9.392435773583797e-06,49.01898870218612,858.7644913189331
22,8,jittered_pri,8132.3652871143695,16.379260562887616,4096.580544997542,33.915629913226496,3.793991061087074e-07,50.98946474606668,727.8107772049273
22,9,fixed_pri,9412.337525963203,9.15061282441286,3317.9714074505914,-22.311091423016464,1.6119580682857155e-05,27.09244835875808,810.9393534343027
22,10,burst_mode,14150.710933792052,16.83747971817951,2107.512430461539,13.933568469691949,1.130766474905966e-05,39.833307839125105,518.6766411517242
22,11,jittered_pri,1841.7334224091428,6.411806856335159,3249.136067999026,64.22089634583216,6.742663693909866e-06,26.65665903931323,293.1909400518021
23,0,frequency_agile,10567.328790628744,9.761791493325571,774.8871583382519,11.88357642171782,-5.332840511696478e-06,49.96200117691416,689.8056549876403
23,1,frequency_agile,11936.119754436339,4.116482272054478,2380.4867362402547,40.92495448958731,1.8187073850427296e-05,35.28670160323261,48.711470147258694
23,2,frequency_hopping,10669.721737311937,10.303017885576274,1122.6178752677558,56.1736464244791,1.7673979720986537e-05,58.81423115813167,545.7983232100811
23,3,jittered_pri,3655.788781097195,14.670892957836623,3752.975889301045,7.8951655780708165,-9.419787595776863e-06,45.45287819390984,676.5203662647373
23,4,fixed_pri,17091.262546158006,3.2365110988878523,2717.713920468089,5.478173752620478,-3.650883354875254e-06,56.17298572349766,309.8656387085009
23,5,fixed_pri,8303.33329202079,16.129521046869826,4213.9851674631045,27.314298144458746,-4.081803354837176e-06,63.90611801791672,852.0099078834571
23,6,frequency_hopping,13994.096270432907,1.6396482011630475,1906.5891818847451,-12.06175267057445,1.751983842702389e-05,30.556992087229617,424.60919828108035
23,7,staggered_pri,5830.834856064304,3.6357314429541447,3128.1080713931087,-56.560844073515725,-4.074160571355469e-06,52.13325613724508,609.5499996435666
23,8,fixed_pri,8112.482988185885,7.9975970672003465,3814.568438220651,19.31178928471256,1.7698992794169746e-05,32.96199647401202,899.9412313542863
23,9,burst_mode,8293.652095942725,3.56784023923795,3980.7575984252803,75.38797428895401,1.1802387002044658e-05,60.602102421194914,807.7382727988976
23,10,staggered_pri,6749.938045165813,17.939809477364054,3200.2982840114905,-26.99860678395582,3.5246223051601706e-06,34.78760057255225,868.4635285905821
23,11,staggered_pri,2445.313222808989,9.397586402479492,4932.7066668030875,36.242446040354324,-5.684409774183371e-07,29.05587779487965,428.12063440290893
23,12,frequency_hopping,11767.740085127845,14.347035704490656,3735.1731142952553,35.81431295877415,-1.7582458231954235e-05,56.99719182372384,808.588277847533
24,0,frequency_agile,17799.035178388778,12.78762343373023,899.9055460737765,43.9573645109477,-4.955775061567609e-06,40.515730681503555,721.060304572711
24,1,frequency_agile,9524.100295427808,18.298647051354326,1738.9194776220352,4.419309750538503,-1.2810558419012692e-05,65.34129612609857,286.99963860630214
24,2,fixed_pri,5189.715191731927,6.794387063240864,682.4378165826686,-55.41123110925108,3.670745676989916e-06,73.65975140599986,66.31161336841093
24,3,fixed_pri,17037.55534391464,13.845126011390361,3639.758209581661,69.21060418821736,1.7207376051208087e-05,55.98360438954362,110.66890421792093
24,4,frequency_agile,3835.4729234093297,1.306180566497796,1113.974846875981,-62.989916796895216,1.1862521262452408e-06,40.41969344810003,359.3872190502809
24,5,staggered_pri,8538.56181260791,19.79488321186869,2154.0632079597085,-44.66000017209559,7.446414979080487e-07,25.826006419019077,658.340887932169
24,6,frequency_hopping,12565.647187755025,8.465675174674416,4170.915362291761,28.768100824591585,1.3830703582278896e-05,67.99889934849818,799.1664321738225
24,7,fixed_pri,1018.7778275313208,1.0935704002260527,2171.159710074228,39.86098958781666,-1.643937739725602e-05,30.625812450696248,345.9409322645083
24,8,frequency_hopping,7375.508345693723,16.85624441507764,3069.427002239415,26.705883049164697,-1.4984095150016705e-05,49.27767662591716,798.8928272297701
24,9,burst_mode,11830.224154275918,17.30245342134293,3725.486444459964,-23.52143187317072,6.115946986242801e-06,74.69655100588558,19.11084408545043
24,10,staggered_pri,3320.0555432294523,1.979839679632086,3038.721806252409,18.75027472522663,1.1640201577079736e-05,40.32210843148106,20.866376938953056
24,11,staggered_pri,10222.373332396675,15.307478333950236,3241.510269046689,30.01775752628241,-7.469053521793208e-06,73.34454245074201,18.54832593426169
24,12,frequency_hopping,17206.97130789238,16.8147697292316,3063.4126743811216,70.83589768404903,-1.5249122395961804e-06,74.1892677386645,183.31600621955286
25,0,staggered_pri,1518.5996570706327,13.862661172146447,581.3756333124978,60.08398415038863,-8.620829173300134e-06,29.28279238212393,559.7107447164256
25,1,jittered_pri,9371.28883729607,7.428922754221647,791.8419019641906,-25.687677598035066,1.672341411688192e-05,63.127777398956106,477.89776434766355
25,2,jittered_pri,9256.325707318485,9.074801799868455,752.8719113902911,68.58453641112968,-1.280287638816098e-05,42.63626457733399,397.69904589680726
25,3,frequency_hopping,5911.426737345745,3.8912795552963906,740.6405553728713,-55.75847003947423,2.7081793498978737e-06,50.563366748216005,751.5237900890533
25,4,fixed_pri,13842.432634205912,3.7188572032135303,4462.163900122799,75.22183779354799,3.7719675864999345e-06,43.64114722327735,808.8524715757358
25,5,frequency_agile,14146.45480709029,9.441868134201828,4660.894652251687,4.252463389351931,-9.559315439418432e-06,26.585740070318813,337.4632004372105
25,6,burst_mode,9068.20861752579,2.6514059746459084,2725.942813896369,-76.8559646217287,7.425690808648614e-06,64.37159306314288,644.2914444918034
26,0,fixed_pri,11271.713820512707,16.6273775533187,1216.1980830024195,-31.948511199056014,1.4522169027111553e-05,56.1626787807089,867.7721932759645
26,1,burst_mode,13227.95959589253,16.918184297183476,122.930509297574,23.796824434137676,-1.625922251256313e-05,31.136028681305195,171.871215011078
26,2,fixed_pri,15529.683337329601,6.788158228285416,4711.421579731317,-48.979468491178544,1.044289342362409e-06,60.34262144265246,160.22027940983165
26,3,fixed_pri,8749.655520565495,10.836318614328343,3997.7886815186985,48.50907442445316,5.0603611469325114e-06,33.52427375430619,144.82029559543813
26,4,frequency_agile,3301.9655572630804,8.923393858761084,377.88002755555334,20.087074778406176,1.3713504418287202e-05,48.57301311238106,504.1093924523373
26,5,frequency_agile,6099.976144917107,14.328528907332421,217.0545185729757,64.13354589548399,2.3495605643762834e-06,44.44223263548587,226.84095908191935
26,6,frequency_agile,16127.570449639159,17.832229715645997,309.5235105241377,32.17972667139023,1.067972256855139e-07,36.72939463751153,650.8567655298559
26,7,frequency_agile,5143.396119813995,16.02199345610056,1351.8493471630359,4.843365535216847,1.2475362062663191e-05,70.24704458070255,521.9887571862745
26,8,fixed_pri,17118.60749507702,10.621153414193312,2462.4617029820197,-66.46180080192335,6.631638326885861e-06,59.76422534581349,305.77000054058027
27,0,staggered_pri,11543.854380153552,16.13142165664899,1789.4568283088267,-19.011305362473024,9.210510704993986e-06,34.632860451095794,38.03909329944077
27,1,frequency_hopping,9958.980496005855,6.657616935671143,2368.868805646505,-52.08764717848149,-8.876975915114836e-06,54.741219972518685,210.1075541933167
27,2,fixed_pri,15575.125787905601,12.351120499442729,154.7469875497085,4.5026594478414665,-1.5104694994816185e-05,47.02766723651513,253.25552564184702
27,3,burst_mode,7817.206009883444,2.1203682642561037,1260.6942111038072,27.381162509742296,-7.171982094226604e-07,69.7889135687334,673.5380390146667
27,4,fixed_pri,2534.363293966766,19.43993889718248,3960.9637906452062,-0.4999981527207211,1.6043752184330276e-05,41.2912022801202,880.7082569703355
27,5,fixed_pri,8850.39133307698,19.90888137553794,4622.579547876374,-57.0309892491163,1.6992287639493833e-05,67.09266251926131,650.9439807130617
28,0,fixed_pri,11695.958792170097,7.485456092743007,889.8835000864848,30.081931567822892,1.9566835520463422e-05,45.380009355897606,763.0393423633185
28,1,burst_mode,7851.881923655225,2.484470382028026,4093.2667604794556,-31.57278460283871,1.6428343046691818e-05,34.57734245002834,270.1520516082872
28,2,frequency_agile,9831.824372740462,19.624021230039197,2899.0366730967794,-19.949461966418752,1.842444437447704e-06,59.15147963001086,615.3146181858431
28,3,jittered_pri,13402.506817868007,10.328318315936663,134.8201346213744,-62.50484749253861,9.61544608038657e-06,50.94877033669336,531.1790737846334
28,4,fixed_pri,16661.216280478897,14.359610634630993,3035.383987146685,-70.31397999114937,1.2836063336153837e-07,40.34553940004484,87.91160160639659
28,5,jittered_pri,17879.42295566151,4.148802486056055,3328.3060129255005,-59.75151491290216,-1.1163192347368193e-05,69.44231298883915,677.5946641648505
28,6,burst_mode,16863.21758302526,7.194291868273602,2536.7759251019597,64.267203283991,8.005610834196838e-06,59.47752163565809,220.31579185535918
28,7,frequency_hopping,8247.132081219737,13.712546440347367,64.30416880713665,53.13845588466182,1.6384805737100075e-05,30.81405100825238,133.14385435081275
28,8,staggered_pri,10570.629791192881,8.1075184855126,1763.0848791183762,-22.517320716356238,-8.641540762931794e-06,52.206683387166535,192.8171126069038
28,9,jittered_pri,10750.917626458475,14.229308011805,4476.418498044782,-0.8229536031274307,5.1127580592585585e-06,68.34761760919206,92.68286513019235
29,0,frequency_hopping,15233.541264391006,6.768567858679767,4868.494549667021,-18.05836108733621,-1.7835078015434812e-05,54.50066994017337,709.5807309241134
29,1,burst_mode,14991.298435462166,2.3023968461965105,4982.883255578448,26.35671315616503,-6.0002335122400264e-06,57.39929465778159,792.798413015935
29,2,frequency_hopping,5511.026791733029,18.2226790226622,294.8211038462996,-31.136697307809875,1.9955939197664425e-06,42.29081686968824,726.3287088084008
29,3,burst_mode,17762.657756105673,2.122077031667588,2912.7491095006817,12.790537131508032,1.3023544214070703e-05,25.39012755299038,396.12307107284704
29,4,fixed_pri,15410.285533131035,14.505678721901985,3595.5720418135265,-67.44488063124977,1.4484923316834497e-05,58.30458798799114,394.7323179752504
29,5,staggered_pri,12370.382162252483,15.934681774439891,1263.5494511141042,-49.92590901729162,-1.5187605215807266e-05,62.45834775948906,461.58472356303173
29,6,staggered_pri,16427.547724531498,12.024336357223664,3653.6340068823733,37.313685441120555,1.7257043691362043e-05,25.495860631059962,262.6081877892473
29,7,burst_mode,16467.154694074343,19.6425822810385,4942.381981345797,49.40376270774979,3.3906421872730343e-06,30.613997176961565,462.15945741219605
29,8,burst_mode,16720.022997789678,13.532194642710659,1516.192977741243,61.985681510613915,9.976518287782186e-06,32.69943590351437,127.99577965672707
29,9,jittered_pri,7880.225249157211,6.644818799657999,1646.6139429005543,-63.73662573347714,-1.1094340323532226e-05,64.27050748689187,868.1991454424088
29,10,burst_mode,8148.976868983216,14.43083341409725,1857.3049970412778,-64.48937694865756,-1.0114045333432329e-05,56.395624593252606,378.2006989622733
29,11,frequency_agile,15378.961994185514,8.321039228267065,4461.523854510206,-39.54764096974765,-7.504013849369468e-07,66.31996415426359,531.1924448861304
29,12,frequency_agile,13638.74831580705,9.39715253674373,2401.8118864167454,62.1050197802044,2.0736120498679935e-06,48.802475962931084,825.2853911157504
29,13,frequency_hopping,5203.110538412557,16.03342751049506,2324.461046874199,-30.515838673877326,1.3838939331310253e-05,33.27487643975676,36.50363921751835
30,0,burst_mode,11090.80649092109,2.272416994328327,2702.4567908553,-66.19710646799632,6.085335206421838e-06,42.12222986910043,111.24331724775952
30,1,jittered_pri,16178.309904743146,15.362138235953331,390.3096450332583,-19.907913229640712,-1.1637787655878521e-05,50.55178620158832,226.65114057166292
30,2,frequency_hopping,15976.748317824047,19.783761449825345,200.26337610976188,-19.250591886433327,3.4079727435570327e-06,49.223454871348,147.04706942203333
30,3,staggered_pri,14850.995038536299,8.345027697223468,1423.076772902792,-78.91891790343274,-1.7692122257037274e-05,37.991422500176895,262.40046487598045
30,4,staggered_pri,9456.431797640564,7.8422502370953175,3736.426057145716,-43.319516332032464,-1.9515925574610362e-05,32.00391143087927,181.9235104575497
31,0,fixed_pri,8198.992888833824,0.6587534846244467,722.8163242396529,6.537796439479962,-4.249551836904971e-06,70.03219464979865,252.41312447719758
31,1,burst_mode,10494.359601419057,18.214451712173123,1801.6928470789396,64.34871070587423,1.2898949501878599e-05,57.767480477697134,617.1888045285598
31,2,jittered_pri,6033.398745322584,7.982955342732003,2414.773707612994,-77.06876301778567,-9.379091208870475e-06,73.42764205698757,604.5726693952067
31,3,fixed_pri,12709.419691425617,15.983297592739236,1901.0035155772694,67.14584042510802,2.8379338786833047e-06,29.2188147834621,186.88537203667178
31,4,burst_mode,10522.92159808184,18.920715203601,4224.9616554402255,59.10262149148872,1.5762628299745475e-05,65.36199652593974,208.9593296905529
31,5,fixed_pri,7810.522279473944,8.851244558866966,2610.0262368202943,5.408573863301939,-3.9846032936750445e-06,73.97237895141186,463.6141773729525
31,6,frequency_hopping,6086.121478565443,2.257217417288389,246.53563604246676,-9.269457665871158,-8.423772669165795e-07,69.13110089619538,482.1156761983124
31,7,frequency_agile,8722.281484990865,2.629716736871817,3255.810655665208,-32.116586407557186,-1.0314533811639272e-05,56.59192307174671,94.33994638052258
31,8,burst_mode,10364.22791565697,15.875802643734838,2126.8227961373022,77.2473875050488,6.920728642932047e-06,48.12119153061947,345.044859723408
31,9,frequency_agile,1426.1498536284394,16.65373653756287,4056.532740133457,-11.663045752430975,-4.256512474564925e-06,26.323666335900775,832.6756336434853
31,10,staggered_pri,6021.379368365308,0.5484765992045348,608.1954821994532,-18.111060203094866,-7.580038248958224e-06,56.21089211136149,151.31227911457893
32,0,fixed_pri,16105.5864242301,11.779545003578693,530.4392845601405,55.298540489031325,-8.882284353781834e-07,42.1824437070481,527.8508407886349
32,1,fixed_pri,17475.783969361302,5.658950990672067,4732.163790400184,-31.043198751378505,-9.521888229516847e-06,45.99684774173791,236.0656194183104
32,2,frequency_agile,5087.60363916224,5.749657520771165,1563.7726525646756,5.3520717344432285,-1.200901257260286e-05,51.66366964286421,411.0289488739723
32,3,staggered_pri,16315.979933999504,14.548813926744048,2600.159551029719,77.49909929329465,-7.115912108971987e-06,53.39867300151147,437.31638431427814
32,4,burst_mode,15883.002809347117,17.582916441927487,3623.9542383134763,-74.9592533863601,1.956079427678339e-05,54.43493604066131,829.8254011848277
32,5,frequency_hopping,2705.789330787399,15.884666759650639,4257.992230451562,-15.719193726711609,-1.7902892312100588e-05,66.12014388330178,152.62757146222913
32,6,fixed_pri,8402.615056094015,6.294155752453137,618.3890805213866,-4.35958757563418,-2.2193601478934824e-07,64.17936774941404,226.95901477086417
32,7,frequency_hopping,15799.97442841204,19.456827303236153,911.136823808891,-25.144316411793675,1.729438883363496e-05,32.121926360922714,727.0290204136197
32,8,jittered_pri,17543.049527929245,7.3071940791662255,2138.5456754766838,-57.87748750677704,1.804980235557352e-05,59.78340087689081,398.10806725549264
32,9,frequency_agile,13538.890279972593,1.076693118395756,1953.494761333099,-10.446236162365494,-2.9591299612244907e-06,35.9765430000958,510.8577942358416
32,10,fixed_pri,3734.692355259649,13.037961605460472,1255.7605477709055,-79.99587183983448,9.341510730431563e-06,66.67962762850836,727.4256107563323
32,11,fixed_pri,13831.636541180535,9.205099632492784,2452.4798445645897,20.532202011882745,-2.9712581953160245e-06,35.876945681755416,693.9768672406406
32,12,staggered_pri,11121.046287570574,6.752523892439653,2083.3396533742302,55.07143024618068,1.683154578373672e-05,64.03729449550434,526.4045603174796
32,13,burst_mode,6187.170543696732,1.1021097636068586,112.92564413493798,-62.08869149434881,-6.529608009498312e-06,72.32923190790683,410.5294865660016
33,0,jittered_pri,2140.6352254381727,19.173442300426448,654.6544331247911,40.28679161198944,1.834058166548579e-05,71.47233048880112,270.5563815317645
33,1,staggered_pri,17350.575050293475,8.38452559931713,1652.1728549342977,35.52138337780555,-1.0736187294899066e-05,38.0945396131562,881.3853183431379
33,2,jittered_pri,12125.687108614582,4.906193002203785,4333.509266636015,64.038548839051,7.717034148396378e-06,74.36431391556044,307.329809251362
33,3,staggered_pri,6898.088742577771,5.726447255872357,824.5640431353492,-40.65902975214186,-1.61590968390118e-05,63.67233394690513,855.8817886311218
33,4,frequency_agile,7311.9443484754365,4.065986305130239,4492.86947831032,3.3317402052207257,2.27479456946655e-07,55.03339888754823,651.5840526944395
33,5,frequency_hopping,16451.998738191058,14.508803030626254,4154.672698020589,79.51464932196086,-1.6673819999282567e-05,74.53947848746294,525.5775418533934
33,6,fixed_pri,12084.50818659649,16.87114063837312,2317.302548947347,-17.868111790596615,1.46741993542616e-05,27.788701063124364,169.24873858183685
33,7,burst_mode,9303.13913020563,10.351718836972935,3332.736033850097,72.10159576269876,-8.239795917092736e-06,49.71149276662817,185.89603863184644
33,8,burst_mode,2618.483783436327,5.511480348946675,1792.2758069836284,-26.512000535629312,1.2832446400883792e-05,42.8024400420518,703.3971879093392
33,9,frequency_agile,8692.329285283009,8.658212647731391,572.2183608904286,-33.54115258175664,2.10980195983465e-07,33.72684836687641,149.71718959929598
33,10,staggered_pri,14774.455121800233,5.558743388611257,4355.351184308956,24.93817010417274,-1.7745362411898072e-05,63.70642858479757,370.8617318496576
33,11,frequency_agile,3517.075360079261,9.144135044644829,4129.1856737820035,7.678998554414065,-1.4795892380262697e-05,73.20920945663389,125.99860180476821
33,12,staggered_pri,12002.793641843025,11.120887800399458,3434.4247399168407,16.096932765947713,-1.4057174094853037e-05,74.9778117764736,893.8987837234826
33,13,staggered_pri,10764.39513438938,1.2259191651172288,1689.6256307100978,-52.390921426487616,-1.80249740666e-05,66.21806553353863,276.7369726847377
33,14,fixed_pri,16285.494575842107,5.70050314008388,1011.7647941573599,45.35485474971989,-7.778259190134063e-06,46.0022053019609,74.14470392221624
34,0,frequency_hopping,3789.2273665534653,3.3101776785276993,4796.709599275866,-53.58767189837543,-1.193023703286647e-05,33.801498201794374,588.5610116925391
34,1,burst_mode,17566.46226131864,18.243047616976835,1613.0466714188804,-15.85203883259787,1.529405908407405e-05,58.508701854484706,4.5643794344160105
34,2,jittered_pri,12366.687910409673,17.87873070879907,3489.8133055525605,34.62967668842553,6.336465740705322e-06,71.46337096256298,639.4777756606046
34,3,burst_mode,3645.0105523061866,8.507717078453977,1582.472098993192,68.84733801732747,1.646324433641568e-05,47.09452619671703,259.4257791583436
34,4,burst_mode,7900.46946984607,4.508747051614214,3447.2637882655,-11.85203670272712,1.9448744854730057e-05,46.101966280611805,839.0562765911984
34,5,staggered_pri,13178.250932942734,3.020021978475932,1212.1116083406075,79.87430813722574,-1.9417696181721504e-06,57.04793478383513,619.5056568033898
34,6,jittered_pri,12344.019228288993,18.19865881016161,882.8010006557553,-57.69040657388403,-5.591075171084041e-06,73.3746393014298,783.0640747008046
34,7,staggered_pri,6754.448080027338,5.186233745855278,4671.772841477007,-30.163831930052666,4.342298076959403e-07,38.41201749486778,463.33510769108506
34,8,burst_mode,8734.76193176993,19.109517703085878,1227.0121694685458,-73.78242558622425,4.7963463635613735e-06,64.39496195206897,290.56417763451896
34,9,fixed_pri,12467.471910189155,9.135667636334,3692.2767247526303,64.99641855001249,-1.4044261812202641e-05,47.0303657288142,350.5776119563788
34,10,burst_mode,12909.1905878222,17.98510037265947,3153.7469142585255,42.09526544150394,1.4215872775101446e-05,63.55090847565038,895.8715123729141
34,11,frequency_agile,7502.172415632969,0.8464070315133471,4195.393184241274,-33.24921828597606,-8.672502587744596e-06,59.79594938580124,680.05613502576
34,12,frequency_agile,15249.186380504276,7.935803683635167,1728.7489264975595,26.562475781651514,-7.3629937943158965e-06,57.968593798355286,574.0620756942058
34,13,frequency_hopping,5468.3874017520475,12.170665057889922,1122.417078595018,-23.830374154763746,1.9241462496905476e-05,55.06624032375235,582.5716007747753
34,14,jittered_pri,14443.009160520003,9.301516154582986,3018.0583119369417,49.85167641156431,-1.179408467939529e-05,34.38125436292299,403.8748806461477
35,0,frequency_hopping,3830.839944982747,16.13938350087907,1078.5236562598795,-42.10922394209458,-1.7952768654808525e-05,29.1351334538461,702.093183416218
35,1,staggered_pri,12726.863560411324,13.080042083768863,2755.7673858209673,70.08130727117378,-4.964690496602572e-07,49.876164915271744,12.807198182303136
35,2,fixed_pri,10233.055397782457,16.66869831310771,422.86047601711726,-76.48881326054325,-1.0776400982727453e-05,28.389918898664234,686.101221048529
35,3,frequency_hopping,2642.7450879035796,12.950072445146967,2644.2653920972734,30.588694464110645,-1.4587509656291148e-05,61.1449828978753,17.87741996691945
35,4,frequency_agile,4454.084784522838,4.40210897036162,1832.232694952091,26.515593631258753,-1.553747421243864e-05,74.05661154263122,426.7131472561381
36,0,fixed_pri,3812.6803671913813,14.759929024502807,1604.6402167862138,-39.467554454318815,-1.4829180762565191e-05,55.551463899095296,526.4337217096547
36,1,frequency_agile,15280.702691416682,11.154696696090777,374.40771648804724,-29.380353132302815,1.9440079580886037e-05,39.46315812922108,42.27848173593014
36,2,staggered_pri,1707.946749518439,6.077169555024607,602.8092254480949,27.251588915633405,1.5838688029498385e-06,27.645108635446707,405.4114332286723
36,3,burst_mode,14503.65110502262,15.845578217637213,3100.271658245564,31.855568970473627,-7.141063653054324e-06,38.30652856016419,478.0373092543686
36,4,burst_mode,14945.428302770126,6.607476745140559,2990.701765168105,-3.5306784553874877,5.218154715208706e-06,60.79777579004843,609.94153939878
36,5,jittered_pri,17960.154428203274,12.075246394347765,1356.858866861383,-52.46635729660147,6.49161447509897e-06,56.43537098825548,659.033454360476
36,6,staggered_pri,5069.170073249753,7.050360765432419,3062.4150831236248,57.96632351429281,9.245893340382114e-07,71.82947837014103,584.6904892025484
37,0,burst_mode,2677.7331871211863,17.899565971126076,4586.314225169227,3.8718474868230146,1.7638880376266774e-05,54.796565061134274,577.5746149738333
37,1,jittered_pri,13281.320085481377,18.69543909170519,4923.704066762533,44.39998249029492,-1.829624883435075e-05,36.14272014174459,51.75656054357369
37,2,jittered_pri,17619.699624980294,2.797433140675788,2184.370210156814,53.672540377993585,-1.1196254594224482e-05,55.25190201121771,169.90544661262135
37,3,staggered_pri,3116.7429723813484,8.40404950022569,4646.36858236601,53.590704122219876,1.1720788234750586e-06,38.06428987705914,789.3247634062257
37,4,jittered_pri,15989.871986683158,12.398554414988407,1099.5100348913231,6.329271618559886,7.5755321204801976e-06,44.97357355318969,268.3545318289524
37,5,staggered_pri,6292.595173014542,15.692996561849133,337.5863315074434,52.97914483125666,-1.4358178293900347e-05,40.101922184597065,679.7111476459098
37,6,jittered_pri,12619.394167620687,7.320197698106502,4428.37662690082,38.464782810019145,-1.4074793361127239e-05,43.20210003598824,665.1290430527943
38,0,frequency_hopping,5454.356360099091,18.27379158666557,1448.7860448921074,51.8076571776175,2.4996208550331907e-06,70.29730034368662,235.49081320673903
38,1,frequency_hopping,2863.9807916015884,7.066741880452415,3872.5673082066287,-79.78321999047374,8.413360156389716e-06,49.08413461440534,573.6344900168504
38,2,frequency_agile,9143.057389868954,15.685287519341705,2073.1723300943986,-6.361719649351613,1.3256293925230061e-05,51.10837561364069,608.1711696127637
38,3,jittered_pri,14369.686285114765,12.084296209746446,1502.539978114043,-37.87948012505158,-2.614960764531537e-06,73.85535023995385,838.3749778742646
38,4,jittered_pri,9826.274364885425,19.115177243994193,4999.218849726728,9.989934536223473,1.1189374927985564e-05,58.39447315016488,406.52454693352894
38,5,jittered_pri,8933.127764383875,1.6272763967782096,4448.581214869868,-58.163890960951896,1.1374345174126508e-06,51.73206999060258,65.56135461419116
38,6,jittered_pri,4543.567221089483,6.835515249857607,20.212102527153043,52.64394037350402,1.1830404282550501e-05,58.23277353291925,154.48237988010632
38,7,frequency_hopping,2281.8771289034994,4.630141708802238,4746.013681982115,-25.401060608492344,1.8516827729268197e-05,49.08711449933286,309.57942618516347
38,8,jittered_pri,14438.45952003392,8.075123593710975,1581.551263471828,-6.079161258407197,1.2439837884567207e-05,70.85780159680866,380.55192363134296
38,9,frequency_agile,15549.774276249438,15.88324948808579,3096.602551868248,-51.396787919115035,1.1920483179209514e-07,57.78581668513154,65.81609383951877
38,10,frequency_hopping,3666.893589302633,14.51784069956726,412.22935812965875,77.67602042997842,-1.8985921895017006e-05,58.074288873869925,278.9151611091115
38,11,burst_mode,8840.63088320354,19.50225457338175,2046.367840058454,-30.048831484663395,1.1113593880264e-05,55.10904501992607,210.29804320139397
38,12,burst_mode,1034.3844894904441,13.314766782955923,588.3817228532556,-58.346931831555544,-3.330571447235174e-06,65.68309800937095,310.38302776597493
38,13,frequency_agile,2797.725760942617,19.194982891948133,184.88449409759812,-30.51768791656046,1.8098540604405647e-05,63.322390945028836,864.5652475935226
38,14,frequency_agile,15650.94242521902,13.639680007786637,4958.188581244061,61.780012991610505,1.9221430317770947e-05,63.73371405551501,33.6092936222165
39,0,staggered_pri,2873.9644159367904,4.065030522894821,3401.04125670368,-42.01788071106583,-1.794861425883859e-05,29.78792255799219,539.8568493607044
39,1,fixed_pri,15957.48969625865,16.73448079198482,4078.4583677201013,71.38935863717663,6.766010542490349e-06,60.30373002776513,579.3215013586755
39,2,frequency_agile,15208.984185322039,5.582181354926924,1438.6745402656766,63.24791233810237,-1.4595398223752923e-05,33.5754646681424,51.29704540215136
39,3,fixed_pri,5443.138688341555,9.824517378045458,3778.0458644300998,-73.1241890111097,1.4799929978536049e-05,38.79667837702291,457.0352948074951
39,4,fixed_pri,12039.668712100502,6.205722251795492,3804.2605480771676,-27.217092624487087,3.991701421901711e-06,71.37890553235616,554.918999706651
39,5,frequency_hopping,3791.571545305814,19.260100470887135,1244.0831515995333,-25.320241586158403,-8.857834526424044e-06,59.97449608617342,267.82154300116207
39,6,frequency_agile,16061.362147754164,4.469852817563575,1541.8506481915526,-77.359250620666,1.2111504165359813e-05,35.52172999990542,705.028143641669
39,7,fixed_pri,16177.10405193819,1.585149779824781,1733.0931789401602,27.301077027432683,-1.519324714568199e-05,27.774697998736976,822.1867528681353
39,8,burst_mode,5636.461421301668,4.737677870508169,4011.6885403141773,-6.895635799217388,-8.697555444315476e-06,36.42627151451999,61.18166998646763
39,9,staggered_pri,13266.695091933949,4.239721093963855,2159.8895644549443,1.1199857104831779,1.8250075251054397e-05,52.14786279180455,473.6880185233666
39,10,staggered_pri,8009.908535945528,1.8124722586728848,1328.1454332467074,16.00051870794445,6.0834896303884994e-06,35.072162108223814,244.65634206497023
39,11,fixed_pri,9300.937175781157,1.0705429588551287,4392.344925569944,64.57100248570703,-1.960066153347679e-05,47.14652684922332,732.8058461612975
39,12,burst_mode,17413.40055090643,13.35574033120718,800.3020984182726,69.55299297152365,-1.170936407436193e-05,37.31793493703002,842.3686813820104
39,13,frequency_hopping,10115.303999279711,8.280832700617088,347.5254138778185,-10.449538263230963,-3.5089153192981774e-06,53.60777867406432,241.17121172112505
40,0,jittered_pri,1172.3462450364464,4.68797821416821,3574.265367016829,68.86018045052128,1.953697723387043e-05,28.377104857757104,575.5425375589489
40,1,burst_mode,15334.749542185516,15.292132368992544,3401.562423603519,-49.909146609844726,9.440030258838032e-06,72.08302781377478,132.35041848378788
40,2,burst_mode,16866.920082650853,8.729420839756875,1003.8897285234287,57.535294825824366,-4.2398669073288116e-07,64.50310722355005,101.0874051581547
40,3,frequency_agile,14348.589247210712,9.980525701533088,3437.61455456134,23.757548687604512,-1.3625838298645904e-05,30.491589900496535,553.681516345998
40,4,frequency_agile,11676.942500572173,9.297415869277518,293.80462255629124,-17.268677453395753,-7.25763629536171e-06,38.96945327377773,275.62406280567825
40,5,fixed_pri,5902.0629955618915,4.159140753416734,1003.3336085362936,-5.476830508060175,4.431326799378078e-06,63.78201127732215,620.5736935989983
40,6,frequency_agile,4950.7707895691,5.168512078093594,3651.6278483799856,-43.360532892186114,-1.962146120970249e-05,68.1990638309967,873.6239571166175
40,7,fixed_pri,5589.308166129217,13.621184576302747,3174.7962431631786,31.851415263184464,-1.2058835852028608e-06,42.804180686584665,727.1189458048187
40,8,fixed_pri,5478.321248910192,10.175435029062756,2971.0251159959885,74.66029374408092,-1.6056526690478405e-05,67.9059111655202,36.49130202493461
40,9,frequency_agile,3632.709301955106,8.70266116522274,2188.738590660264,38.90001094622208,8.855456259053206e-06,46.38610483402746,723.4252787357503
41,0,frequency_hopping,8984.045191791163,18.860447918126457,3610.508352869375,-10.947256708348206,1.611910946693592e-05,37.02106994031382,498.9195069726253
41,1,jittered_pri,13804.732150361504,14.390749494029873,815.0158332552622,70.83491100785213,1.5080118049037953e-05,25.39129735516612,655.0462969201803
41,2,jittered_pri,7062.489010077309,10.152539200006517,708.8350708677718,52.36232970183747,1.815432255873821e-05,57.9622924065302,325.6974446428037
41,3,jittered_pri,17960.845234352644,1.227940383288371,1904.1642091056397,-41.70612837466347,7.081787599277015e-06,63.2743666210289,644.3940547027698
41,4,jittered_pri,1631.594886853807,3.146921376079898,654.3351326216796,-70.82744017921587,-1.6531408784323396e-05,50.55856644802877,890.501842824528
41,5,frequency_agile,17238.283580097777,14.711923956431807,3930.7559972874333,63.12834312832672,-7.821858593929717e-06,61.102877342671576,732.783183717732
41,6,staggered_pri,3021.533910787921,1.3058407822259452,4116.341519995671,-0.22376212917946248,7.792578831244067e-06,35.97637659491321,64.6907673274604
42,0,fixed_pri,17305.074703396946,18.850156473224423,4075.5426592406398,-9.557397640443156,1.5881207245161092e-05,69.05276906677119,86.3691832784442
42,1,fixed_pri,14413.990492150957,12.456998529868708,1122.9579894380681,-68.93602402749322,-8.334244324544549e-06,63.922215874738406,142.2405606316175
42,2,staggered_pri,8478.58364444762,9.19191476307225,2032.1610391176325,-55.66212829143046,-1.4946751819260187e-05,27.740224658610853,609.4760780994789
42,3,staggered_pri,11836.481625646056,3.7514830943706428,4898.143305259557,-24.53010050579085,1.8163007117907614e-05,70.12853481885912,646.6046832422408
42,4,staggered_pri,8129.467824456267,19.835104975943647,4825.859465697897,-48.525707537356695,3.0018184240400093e-06,55.77304920236912,661.9402680154728
42,5,burst_mode,11183.732240186993,10.110854696789861,4078.860190149148,-23.987413640581593,1.0011358133319038e-05,26.006101540886473,525.7010747057755
42,6,fixed_pri,17907.110293567817,19.814636509444725,4780.958522939694,-2.033495990196755,8.770750109674308e-06,30.018188097489436,393.98666380995485
42,7,staggered_pri,10374.17590508775,16.532508576520225,2193.410327096836,40.30126240115429,1.9891698044025658e-05,70.89376941896488,108.58401824685076
42,8,frequency_hopping,17329.117352759036,1.1478715003847868,1249.678206219169,-77.89553292119749,-3.7130277854406386e-06,64.94777374012355,192.5538448641658
42,9,frequency_agile,1412.2368714816023,2.401666769646777,3065.813050942747,-34.0612634766712,-1.4438682042510483e-05,36.80129477148154,54.702624753078425
42,10,frequency_hopping,8018.348288071327,2.409900692631285,399.3605751384182,13.976874967798679,-1.1475041520324201e-05,28.921698921645323,774.3865940103497
42,11,frequency_hopping,2279.1731514626194,14.876624220460029,1339.5680551478038,34.52116895505277,-1.3244419677730424e-05,58.886150613313625,398.336599900289
42,12,fixed_pri,8917.666118969748,9.652876369490459,4204.682168850213,-28.01629967851884,6.032255341852669e-06,52.77911784522788,600.2960628499612
43,0,jittered_pri,1973.0618669179348,3.6791194855668685,2247.891514093835,-32.99200078911593,2.3953945286970416e-06,31.27291543939083,248.58139161836863
43,1,staggered_pri,13149.489427373153,16.788507740495124,4725.025957660111,71.98204064567551,-1.1739825756361042e-05,72.31432465368454,176.7013041216247
43,2,staggered_pri,14771.868585773655,19.22882830822626,3941.4524689101972,-31.719676599021795,1.1944575823586793e-05,58.975788961357196,816.5892698807373
43,3,staggered_pri,8522.234065878827,16.188713938157452,2758.5133577504225,-49.62125215055339,-1.5053454194273324e-05,70.13739476878214,813.3987211395284
43,4,jittered_pri,14311.59566167315,17.328032138958697,799.5279104138302,-54.509505128285,-2.3628946105032024e-06,60.336157893062456,50.05832664896928
43,5,frequency_hopping,16583.210671253888,10.889568730400736,4678.186375597321,63.26613840152697,2.495983089564032e-06,32.52419666039075,810.6640104328047
43,6,jittered_pri,8483.390628681012,14.819435207283536,1410.4710908391758,69.25200423226349,-1.4036168501434428e-05,59.85016907359208,419.38617113790013
43,7,frequency_hopping,17909.44550694822,13.12866139268089,4991.176026839306,-43.976479275938004,-1.451797288208304e-05,34.462727481153884,322.75787731745135
43,8,burst_mode,16058.14462957473,4.397863186563315,3271.4712752636997,21.11440129389547,-1.2028153112003591e-05,25.475707672735204,97.52603071582651
43,9,burst_mode,10550.723179312812,9.287277477767951,3661.5479012891633,-1.7812299262951683,1.8550693520091073e-05,51.78527214452744,257.2553320123191
43,10,frequency_agile,11669.336299538527,18.121253817019102,923.8998746220632,-43.917961956371144,1.5923482819094194e-05,63.364006730157065,480.14124962316373
44,0,jittered_pri,14069.791119484793,6.828653429547129,3680.5734281194345,79.8723776560218,8.550501289266656e-06,45.177369239298926,734.6521158711244
44,1,frequency_agile,3299.402833644166,13.343764208947949,2196.3360755534304,4.330420346692719,1.5297063731968402e-05,44.36380503212635,832.9192766681861
44,2,frequency_hopping,17476.251841828915,10.817111034262224,3854.8245742094746,-10.251220583544466,-1.3291016945653575e-05,42.96993044722352,99.99361410742242
44,3,fixed_pri,6180.589473091478,12.70837150759688,1891.242477086191,-20.151494440889962,-3.342892018517505e-07,64.68732707429015,329.6850280776385
44,4,frequency_hopping,10110.109713687601,3.987848868328634,1533.1572882641249,-78.768506714224,1.7716272878158947e-05,28.57784677364428,873.1055045116503
44,5,frequency_agile,15676.79907250537,4.121313718093632,1730.73044837475,-26.25489429147629,-1.0671210992797562e-05,60.331223027602455,723.8892916973253
44,6,fixed_pri,3780.033094755323,8.94349791776075,2898.71436548168,61.906883860133206,2.1342305921232093e-06,62.8135469411245,80.81490410137162
44,7,jittered_pri,13782.283268287849,15.826490387447922,1287.554790968795,-29.227704723692668,8.587158599826337e-06,51.076915457746146,183.0127541037077
44,8,fixed_pri,12004.01966303818,4.40490544034141,4972.1005504953455,56.25240792292004,1.2320342113432155e-05,72.3435730140813,524.132507984138
44,9,jittered_pri,16123.152996886341,7.989991086253003,4034.0387712686165,-56.46629785062656,-1.5435195581876524e-05,52.42388043370266,223.15015235242376
44,10,jittered_pri,13407.85553696682,9.364971961996986,3248.9393119228735,-35.96541148608367,1.1015118227079086e-05,67.2175922879202,675.3287062042909
44,11,fixed_pri,12271.505187911645,16.40664324870551,1548.5409034717234,31.44644649909813,1.7496885528210492e-05,36.422345388596064,155.1731578596948
44,12,burst_mode,17274.518557593576,1.3905457572715771,95.01679380537148,-65.76156313674183,3.6459057871707932e-06,74.12199076803185,381.2552529731562
44,13,staggered_pri,3169.819807082282,14.55734664553734,822.2743463815842,-59.96065653070387,1.8609203212344746e-05,32.94386603566268,658.733692479795
45,0,burst_mode,14769.090248474882,0.741938368916832,4623.60585667312,-28.541004007459954,7.2013533094526046e-06,37.016862259643666,174.45457513719268
45,1,frequency_agile,16555.32394686388,10.995161610361892,844.8672687370373,-52.00159428146531,-1.1596225752482553e-06,27.834496839834504,664.7607460343689
45,2,burst_mode,14868.920396423331,7.339395239684434,4917.4821531670395,17.845598657407066,7.751815819370051e-06,68.83417715248322,887.3007903023757
45,3,frequency_agile,17220.040577821608,10.380288903714037,39.03520352036873,62.37751451354907,1.777683110591085e-05,62.74959859513514,278.0517575365561
45,4,burst_mode,10063.931006459345,4.811684787086755,3254.2737583244348,-21.86045881338343,1.4156679369094023e-05,74.66752637182026,206.66768467882804
46,0,frequency_hopping,6699.8774830675075,8.98472903605638,1272.4567198492111,50.17548576612066,-5.882608413571506e-06,31.72191320823864,215.22236569464556
46,1,burst_mode,3422.3586765684313,17.087716871594345,1883.544111481621,-60.44841995947395,1.5738903238781838e-05,74.0169458217662,712.178617492385
46,2,burst_mode,11243.852614497211,19.687797844730312,2890.020734062042,35.70682151211818,-2.926907233446644e-06,58.246637692344606,209.35354472838432
46,3,jittered_pri,13952.983677214519,5.853191161789125,827.364946765119,-20.47974726178232,-1.1053404571685498e-05,38.77338315456495,433.18506038705453
46,4,jittered_pri,8790.636981156735,17.040380326604364,1024.3952887829535,73.50530456111568,-1.5311445473969087e-05,38.8098584062735,753.7857974074234
46,5,frequency_hopping,4533.316934048415,3.9628379527024187,3204.045839607292,-61.10535580289232,1.613060923440108e-05,26.036585931974415,509.51955014806384
46,6,staggered_pri,17517.554712119807,0.8413821216085604,3569.023829321462,54.844580515489895,1.2739906274509625e-05,74.7923727267466,282.6542386227827
46,7,frequency_agile,4925.513922469176,8.876387846716906,26.345679695016976,28.319102459784403,4.821623473825929e-06,65.39216704272346,784.2570495642876
46,8,frequency_agile,8848.440984431112,12.612147001375682,526.0651987032439,30.541343617913697,-1.7342428536402213e-05,48.26152978779153,498.3722103558308
46,9,frequency_agile,9255.853873698434,15.738443691277679,4217.149571181321,79.4434635883178,1.7399910570330113e-05,63.888737384948094,689.4821083756733
47,0,frequency_hopping,13515.35304563988,12.39022188483579,1310.3880255271984,30.20040610598501,3.4630767449144977e-06,48.861979479427646,706.2532409235852
47,1,frequency_hopping,2452.3408952934433,14.329330739014406,1672.685937633696,1.262628957724715,1.9556064045066726e-05,30.783461374143616,83.86036974535895
47,2,staggered_pri,17208.9079379517,15.278732977453561,115.05149534628171,-15.218020174871299,3.6497825257883948e-06,59.63845670442389,8.601878740322599
47,3,staggered_pri,2998.090416248464,15.291648881953565,412.45552778596004,-4.546785164011851,-3.1444254747466847e-06,45.84932820230328,1.738076401225841
47,4,burst_mode,11195.945394988063,14.523742846169629,3241.682511837743,-29.91046201230734,5.988615306297813e-06,70.11025030341501,823.5723373206727
48,0,staggered_pri,13198.142438628916,10.21076869857565,3173.775999359574,52.837671046880956,9.290671370020793e-06,26.533284594171786,500.3171849490397
48,1,jittered_pri,7595.159060465856,11.027671717650389,3263.4591198308694,29.79832067364542,-5.722582144983495e-06,34.819240902948366,83.7985306683305
48,2,staggered_pri,8130.9811283673,14.972332120352824,4384.786358472115,77.84077103003136,-3.6784001389905225e-06,36.46211521968361,604.688391319391
48,3,frequency_agile,1907.0602088627725,5.0366619275482245,1140.3991522497424,-73.45979077993343,-2.7239054043563645e-06,36.934283872601966,108.28222071203749
48,4,frequency_agile,7884.418210315491,14.504955369484414,4887.661813044817,-31.537669730870554,-6.562592438524768e-06,64.08688374730036,395.39480025908017
48,5,fixed_pri,11760.86311683779,16.73192381561794,2798.468826612025,21.74206333392185,1.1619408017445807e-05,62.57055236574243,882.7497998354901
48,6,frequency_agile,1994.7343706985362,19.538642450777214,2290.7250081880893,-69.69438572929425,1.3769899160499407e-05,64.8882851335606,46.43039807923069
48,7,burst_mode,12007.350201398285,6.763432351156975,1006.4236157815765,-33.91563188049577,1.9216764547704392e-05,72.2285710387882,33.847785350032524
48,8,staggered_pri,14112.451030644574,16.93303706302062,3521.695905190759,-39.77066764724569,2.3473698842066745e-08,43.97047640127139,268.8618842086255
48,9,staggered_pri,9694.276952337594,15.873451233997653,2393.978060524381,45.115926054882266,2.559711179070824e-06,58.3245712655099,382.36067688374305
49,0,frequency_hopping,7205.192211881609,19.876945556796574,4841.994767665147,33.23220295844183,-1.5658425328515377e-05,35.60270759724236,580.6934363540828
49,1,burst_mode,8728.314388555857,8.462799008233839,2847.341025388173,-36.00276604035321,-4.059324140076135e-06,34.62962825362927,269.62636281525425
49,2,frequency_agile,11648.303140654236,9.44884672979866,3307.1932925325436,29.556091263634855,-4.262593885348753e-06,66.32229540476632,139.17755229258728
49,3,jittered_pri,11734.643442327153,9.370461126156584,3755.2233337616317,-65.75293539033957,1.3046043398749994e-05,29.47384903635938,824.2906601264492
49,4,burst_mode,14795.405729494456,8.823747138119977,3672.100803020556,-56.666237559836304,2.594898140222129e-07,72.13603979026092,451.5217832799838
49,5,frequency_agile,6840.433912715937,11.844054179386859,927.7773138114917,-47.98469850195376,-3.3206005061307276e-06,34.180820959171186,555.6221241383583
49,6,frequency_hopping,3098.987114606681,5.623346404443708,1125.7780462565026,79.38692603201537,1.171562255342092e-05,42.87675283829978,29.903601012296686
49,7,jittered_pri,17927.795643293408,10.447203835066395,1387.232533374561,-79.46619660901405,1.7906126054402164e-05,69.91927282625315,218.2288391278551
50,0,staggered_pri,12068.40276701996,12.735479074043385,3757.991498769801,-4.878564917513927,-8.497679303717157e-06,50.40519567600255,338.288044292883
50,1,burst_mode,14201.82872887022,9.576261442589063,3613.9579534567856,-79.03554753429489,-1.9798448459087346e-05,62.20692978572162,549.3513273071351
50,2,frequency_agile,2072.835957800102,3.7131830523561162,4866.163392192275,-4.990952430967781,1.9740923918105465e-06,41.84762811215517,43.17643114725358
50,3,frequency_hopping,9168.527781162935,17.656383241807998,4538.667868952291,-61.80233086135077,-1.477529425813581e-05,69.95877793269277,801.4112220285713
50,4,fixed_pri,7401.720140970787,7.643369003964969,1218.6077409401937,1.1940198122681522,-8.783310506071747e-06,26.815231724157613,6.594605630567429
50,5,staggered_pri,4148.469793736623,18.112236893102676,4928.721601198843,56.6222288121553,1.2157085815168474e-07,35.2410122667645,839.5908793895064
51,0,fixed_pri,12753.122641394524,3.3084552980979125,2137.916882752717,-19.534798058496428,-1.8135581504006516e-06,25.696440332891807,474.88385977227193
51,1,staggered_pri,14971.418985299717,6.642781547263911,2632.220039312253,24.942968765017483,6.260059524724608e-06,33.105544607842845,497.35641576344904
51,2,jittered_pri,7948.277639654391,12.295346720898053,2336.8242020996618,-38.1520691441721,-1.7697185244796716e-05,33.869652675010535,725.3502163859907
51,3,burst_mode,6272.640549813072,7.945825428316601,894.0770408528264,67.52817054249806,-1.197614055476998e-05,57.748053635964666,892.6712525160297
51,4,frequency_hopping,5433.213174555608,14.031358280465424,3959.295282541941,7.002265583987111,-2.667381699247137e-06,58.82382587895261,703.038767697936
51,5,frequency_agile,14263.733463646558,11.065948811221784,242.5080712906155,23.219601085666596,-1.1038791183227877e-05,54.47942585083695,109.30695643855651
51,6,fixed_pri,16781.068616325887,4.635770362761884,1000.0121970623209,53.51452769154233,-5.835279325924018e-07,45.54026872642709,233.814298826393
51,7,fixed_pri,5012.185176020799,19.4360066041663,1132.6499220575333,-18.4840107818585,-3.710243343561925e-07,25.57348359384778,328.59064073996495
51,8,burst_mode,12348.531481202093,3.694443012570504,156.95923562456696,46.695060227220196,-3.2641830179019212e-06,66.99558225752023,140.09055744571648
51,9,frequency_agile,4530.979145789774,16.594869223064848,3165.623243985652,-69.19236584887233,-1.2253534158375127e-05,28.245552587675842,336.7604341902611
52,0,jittered_pri,8739.909384651051,14.369312794223001,2770.2834478037553,40.439737446671856,1.6391865134463284e-05,68.28636666085949,899.2434988020545
52,1,frequency_agile,7160.1436482616045,19.598182934807042,4781.630696177417,-67.09434896178634,1.4098829452176766e-05,68.75498315348011,440.31700306643285
52,2,jittered_pri,12682.949363189786,19.061759311126945,2688.198666715561,-41.33299117333743,1.290919438579677e-05,67.4332699412291,442.31366893595873
52,3,staggered_pri,16789.601515195256,2.158968508210517,961.6976840951746,21.165129751703148,-3.330993525139143e-06,64.06414451805898,299.0539596657304
52,4,burst_mode,6605.589439967438,7.1697035220776595,1777.5035149523758,57.821813589115465,1.759503809473244e-05,35.841887782842804,433.243355381579
52,5,frequency_agile,5966.320754196532,10.806170895702163,2638.5351320705477,15.252718949817734,8.712771696787432e-06,28.53491477370157,327.185920803272
52,6,frequency_hopping,13250.106907243862,15.497941043895123,2856.917810635263,-17.308553804299684,1.8785615946742274e-05,59.56458128570541,375.24348611136725
52,7,frequency_agile,2512.1820944365945,17.502596597999784,4794.322224463361,37.83706040883658,-8.944352080561396e-06,32.60003488445811,92.17918406049101
52,8,staggered_pri,1729.6906836003313,9.990716754359164,1079.6460753117635,-42.45180844737401,-1.0553072910238523e-05,25.34967149448851,406.38482943505807
52,9,jittered_pri,14803.773685595299,14.271592065909738,652.5598186777778,76.34186160191794,-7.103641422381539e-06,68.30525739206612,345.2582951543854
52,10,frequency_agile,11004.52842777669,3.885261007716461,2974.4113495313013,-50.126417838872555,1.4208393426995646e-05,45.52725990348033,11.030648595814474
52,11,frequency_agile,5721.574900364741,17.920145258795593,4949.992681223974,-76.28440014668966,-1.6306283094732843e-05,67.94923167233273,176.0384455315762
52,12,staggered_pri,16985.39725104838,0.7143107794491559,1618.0437303003987,-25.160622431963816,-1.9072887346932304e-05,44.57582764030085,139.7044197556607
52,13,frequency_agile,14193.811421831238,12.444740379241948,3659.9559012555083,45.68780053713341,-1.874699050035653e-05,36.49856560108016,443.07709309573323
53,0,staggered_pri,8984.032029751343,18.565195539468306,4429.444078248802,43.35809036598695,-3.997677143142067e-06,45.13525871290699,614.0131313567133
53,1,fixed_pri,9657.651601751975,17.10992548283125,4610.554275749801,-52.86141818772448,-6.542607090277178e-07,58.41653633408333,713.6856924137259
53,2,fixed_pri,6944.472523158977,11.851279514569173,4815.519591961866,-53.507291820159125,-1.6931634273254427e-05,51.100337588699475,107.6772547144633
53,3,fixed_pri,16013.936977921338,19.595189930410555,4589.784424705802,-53.90195104423556,-1.0349940977419131e-07,40.68466996857797,654.6379122554896
53,4,fixed_pri,15189.827405083017,4.985856392609308,4569.981515570043,3.0029854725467118,1.4242898534918223e-05,33.41761223783183,568.0799435006807
53,5,frequency_agile,16244.73248183591,18.702959839480595,3827.517733352495,23.668747519700872,-1.9814394729172583e-05,39.411591489440816,475.23740264004135
53,6,frequency_agile,4612.2242521873695,16.169847085890623,4630.786828897944,58.21031673493866,6.108345720394532e-06,48.26893520705912,759.2037306048842
53,7,jittered_pri,5713.386032789626,3.881893298356645,4612.036404979934,17.73596339702729,-1.6569499747177353e-05,56.19907073470978,827.429541188473
53,8,frequency_hopping,10371.355268772959,14.936189605525362,1962.1831786076311,-53.951993460286346,9.610304668955979e-06,52.37610706044191,724.0812659717487
54,0,frequency_agile,16885.944287181177,18.254879769339656,3204.2881721953127,-13.63103260881519,1.7212561550055913e-05,48.44207501584535,686.3335967573666
54,1,fixed_pri,4246.765811153491,14.137863074245441,3149.4197398990705,39.540332092299465,-1.713257785407018e-05,69.46396288133451,848.9632145628452
54,2,fixed_pri,17786.172537864237,14.242733737637812,3170.251913011689,-13.61047563967064,-8.29114771286379e-06,51.255680641292415,469.32139090485055
54,3,frequency_agile,6273.140176412956,6.0538103653916755,3498.2398101164085,-46.94772746901221,-1.3315679062899435e-05,70.20595057954932,483.38788399718635
54,4,frequency_hopping,17095.80451199005,1.2210598850858414,1527.237593461511,72.21240846925727,1.1532586168765979e-05,56.11412942850698,231.2851169396152
54,5,jittered_pri,12865.583250121002,11.230185132305234,4641.586232342124,-47.321723092222555,9.279654206390436e-06,73.53421638473161,718.5115191460513
54,6,burst_mode,6919.357167985878,14.937437700184931,396.71851848311525,-79.2369886674065,5.18844413586917e-06,74.718192838054,118.80025756909576
54,7,jittered_pri,16515.029391635446,0.6598457570734424,2124.8687562122486,72.00810360784862,1.965426256223394e-05,45.89589033313801,371.5169358006635
54,8,fixed_pri,4448.374955081568,10.228335177389427,62.028247799125886,-7.9594276214854744,-3.082590557816813e-06,73.77775807084876,232.1424833913331
55,0,frequency_agile,6485.82084746582,7.0645589418932975,1803.4036490831818,-45.37176567797688,-1.0749450796185106e-05,44.04776215783568,91.00444586647501
55,1,frequency_hopping,14202.374280656511,7.688408975025313,1501.9812711095385,-36.70405357697497,-1.3019771123184694e-05,29.16084535871999,125.03849127863778
55,2,fixed_pri,9742.097840862543,8.59821914565405,1593.5871897205554,16.08604015970883,7.672077806364501e-06,61.26321112392106,670.4051208429718
55,3,frequency_hopping,1716.557401269759,5.03185962054019,251.6824372041062,-34.18370497196575,-1.4187622214112482e-05,74.70582360984999,285.8548107025911
55,4,staggered_pri,12413.359878313231,13.072569620142154,2644.689679440222,28.44968299245727,-1.1188162426298855e-05,43.95594946330367,626.5895546913428
55,5,frequency_hopping,10842.31901080728,16.45709105517777,3316.239283336641,64.66416479099374,-1.880389420124707e-05,37.956927927303134,41.60166272642209
55,6,frequency_agile,6189.6357066009705,15.430861287780694,4676.158554644698,48.640599296063414,-1.9708932950421505e-05,71.7518855481596,305.76123267951806
55,7,staggered_pri,13223.667354226218,8.065664906943928,4419.226349223259,-76.23462158476777,1.38914512723337e-05,63.899466706560794,5.93760044964583
55,8,burst_mode,2225.9531535565498,3.5873068871619025,3362.4907406342136,-9.238304498833713,2.314493069994995e-06,69.88716562496249,506.48353446759194
55,9,staggered_pri,16966.71269665128,5.230561878719552,2899.346820064573,48.076506257852316,8.087723094193296e-06,33.32207832597388,646.8141019314895
55,10,fixed_pri,4798.281023831033,8.782876978721061,4082.333108581286,64.45631210902161,4.415555511691515e-06,70.70573690386294,398.3558022747283
55,11,frequency_agile,4447.995261607313,13.003080831552623,4184.204034817544,-2.44880414057819,-1.0569996441684883e-05,52.13896116364181,110.78920553264719
55,12,fixed_pri,7868.016827202976,12.796193731250114,3960.1168597355017,64.81517380083307,-1.2698543239291786e-05,49.61059711020255,567.2682249227984
56,0,burst_mode,14306.976919402772,13.297737881913966,1801.3992642299338,15.958588418161227,4.5719559546642616e-06,70.68971589113151,26.35599801826103
56,1,burst_mode,1299.7793914822446,15.047237056108974,4697.9888321703675,-44.26653452941801,5.041125261810366e-06,25.4101604510363,566.7932856269518
56,2,burst_mode,3557.969800456781,7.808047240741366,4205.91324776676,-21.068171920520093,4.373978486525715e-06,71.77335355740479,156.90678148686717
56,3,jittered_pri,2106.150165512762,16.288878311400833,2658.404583600587,-56.57074172574261,1.7114174676933585e-05,70.1664138844688,598.404358702235
56,4,jittered_pri,13104.399173846916,10.592557223716257,3057.3019152028314,5.229536215885986,-1.3998761896474844e-05,61.10304276820661,69.80143780365428
56,5,fixed_pri,2426.6391469405216,19.731389610890606,2539.258389734675,46.20432382884664,1.1926167145842113e-05,47.27619928446266,522.5666189358385
56,6,burst_mode,17594.808202809356,4.283289429681247,3417.253497580905,40.49889310292677,1.7356387234764936e-05,48.85722256043713,39.76078300651261
56,7,jittered_pri,16765.528419559476,19.66412085781114,106.87083315003846,78.91704857553972,-8.562281011991644e-06,33.88491834349247,618.6063680228632
56,8,fixed_pri,3476.401339809776,9.969293792393234,1879.7191102547058,41.161743755683375,-1.3905993589072132e-06,60.70347395195838,177.80371912357444
56,9,fixed_pri,11393.106750582598,10.474984472137763,2730.751326627682,-35.082993385378884,-6.084420187739178e-06,65.04032268415072,160.15572353439515
57,0,frequency_hopping,14798.377865049388,6.11244890753821,2087.912640290362,-56.655334046339775,1.148064575924428e-06,64.5500704036939,841.287413662687
57,1,burst_mode,12956.451469866706,5.8798662694590975,126.2428129628408,-4.176721756482408,1.5305644750432128e-05,45.49336192182881,567.9746025060525
57,2,frequency_hopping,9965.983874627997,18.550014484469298,727.3065467908439,19.41738935808955,-3.6109604705666436e-06,63.52318800656358,138.92268569933455
57,3,burst_mode,1268.8086562354943,10.40381772408249,1487.6325823781892,18.61893267169563,1.6213127344790785e-05,50.6587475181419,489.2461359957894
57,4,fixed_pri,6175.730883345597,9.304789791813294,1324.5795331028912,-75.16582851881446,-1.600726268549747e-06,28.143302682087945,107.17723027189275
57,5,jittered_pri,5428.093402453387,17.57832542133742,1034.0476355021342,-23.04490153284911,6.87600337189476e-06,33.106283129340795,82.16646978734894
58,0,fixed_pri,13644.901914647351,17.825043430158157,1546.0376822957721,-55.5595363054053,-8.849707793915669e-06,50.83415017227616,488.88844370520656
58,1,burst_mode,5311.1266968767595,18.406847754232963,4627.391131481255,-31.318373975022254,8.548691562210913e-06,30.35746247387827,210.62422993064817
58,2,fixed_pri,17159.232840076522,4.655548367688358,3651.31749115516,-31.929179755714934,-3.4503880807889968e-06,44.33302168390859,367.23497924383076
58,3,staggered_pri,10842.716342891996,10.286113534910013,174.80098962711136,8.668619724750897,8.098127183440963e-06,55.480474187423674,769.9564295736149
58,4,frequency_hopping,15774.321376950305,13.010023197833867,2192.353155041989,43.16292681085967,3.632140748905771e-06,65.63770482257502,218.19922685079425
58,5,fixed_pri,6202.684584777586,19.98690570408921,4992.059189467747,66.96784430542723,1.6210570274724062e-05,49.577953174034946,179.90073690449734
58,6,burst_mode,5660.386869149379,7.625967760746851,1877.499345414542,-18.107894784649154,-1.8798576765241878e-05,60.38679841597257,652.957142005689
58,7,burst_mode,10724.041779501626,10.147394876602608,3448.728014218454,27.607254731898763,1.194611119243293e-07,26.83449255470321,668.6361116209658
58,8,jittered_pri,1664.1879811454505,6.804429028495744,888.6627611475828,-77.38909739939618,-1.6384331603006512e-05,72.7685748426935,636.4052681358555
58,9,jittered_pri,13990.703360230069,8.185777855957308,3465.942630465106,22.698293830577896,-8.843944860021451e-06,73.20653524136304,103.54931087589954
58,10,fixed_pri,3522.4647307898886,17.5290856992035,1834.030187077478,-54.94161805783872,-1.448912481248564e-06,45.96260481704172,86.25816441453773
58,11,staggered_pri,7086.4737446978,5.599068034290048,1706.826857631271,45.35869158099581,-3.553966243057128e-06,40.52755289103732,155.03784590202022
58,12,burst_mode,2271.0344882974596,18.290134861552495,3784.0057563863506,6.1086296112010245,-8.570338334101654e-06,38.00533102571437,635.2385806974387
59,0,frequency_hopping,13316.138448101541,4.030114436788157,4139.536890558132,-21.034325294694227,1.597760170812632e-05,58.16257704161667,313.4782079698434
59,1,staggered_pri,13160.831960253689,18.4917269741129,1928.269867726848,11.234667458819544,1.2511720653802972e-06,33.36894899256058,44.55161275589212
59,2,jittered_pri,8669.971040423614,15.545323929845468,1240.4043985956746,10.42064467010347,1.547350531119886e-05,64.89709353493993,146.38779940936448
59,3,fixed_pri,5328.474578042846,4.654715430589267,4137.4292867254635,-61.30313644018216,8.743792810861304e-06,49.26161226351151,707.9149717513725
59,4,jittered_pri,11379.934386315286,8.11932948273629,1706.5828391175912,17.5164809108185,5.333312443750656e-06,57.62783179647461,396.97014519525794
59,5,staggered_pri,5686.44287313628,5.015221182293484,1001.0005282650667,-20.449704416542133,5.043088424789388e-07,56.372106800757706,533.5585991136613
59,6,frequency_hopping,7456.507799587591,4.3621681436672795,450.16786344441914,-40.97338387694549,-1.928200535444996e-05,44.18634123582663,507.8467378079212
59,7,burst_mode,14525.086133964911,12.895990848115526,1736.4988464657024,5.044999317104768,-1.1648778495536401e-05,25.969192595042067,880.2846098000554
60,0,burst_mode,13884.482958243432,19.36569094072638,3332.573157338485,-22.297077407297877,-9.95551485185426e-06,46.09229209540554,499.423951910142
60,1,frequency_agile,3814.9514624816243,17.36665601780178,642.7568333750964,-36.40965355335902,-3.6274055185828765e-06,33.035606617024484,201.7383555700201
60,2,staggered_pri,7897.07548767939,4.627927898650268,4127.746441213127,50.109102771980986,-1.2523544799994575e-05,49.53911827768974,548.891922528812
60,3,frequency_agile,1087.4156984421163,18.570182032172447,541.9537497512279,-49.52837117857379,5.225873805057179e-06,35.01269153903731,5.42973448898233
60,4,staggered_pri,17577.83007726955,15.08281490222883,1465.8763109718584,-55.50291921265598,5.015474553712328e-06,73.85613790954955,222.97883245997
60,5,frequency_agile,6970.325642380221,10.669675478327706,2778.3283296749314,49.36401391346516,-8.826673395390503e-06,28.1955468556016,696.6006820403236
60,6,frequency_agile,3029.4136069624687,15.737257344489796,4393.479794629051,39.74854996665229,-5.493071289726453e-06,44.724452923237145,538.0469966354862
60,7,frequency_agile,1678.534021578591,5.929829869325889,2341.6028949654415,7.555917109741728,8.280085741462242e-06,28.558091397314662,486.4712792171098
60,8,burst_mode,7178.341694116529,19.904274960969413,373.039862929607,44.31351774774818,-9.630427021032535e-06,37.763796832638334,456.7057451038125
60,9,jittered_pri,17913.007499791634,4.101840349905418,3133.8037041828616,60.62016096900197,1.0730396376332141e-06,25.519541393987545,784.0547569996343
61,0,jittered_pri,9688.287057899026,0.5345600844017784,4235.007232162026,18.341929737200374,1.3220198643296855e-05,39.65192125633982,566.6508624878196
61,1,jittered_pri,15934.566425502586,5.02067616434967,585.3279352807238,-52.60029739255746,-2.3268165206330937e-06,59.83156642377666,286.65452198336715
61,2,staggered_pri,12813.733717120456,8.401765662134117,552.9826812154955,-36.33233478749631,-1.944690040847225e-05,26.931614452111013,88.67152792906474
61,3,burst_mode,7793.66258131802,13.872256472459329,2959.814319290307,-13.608963702034615,-1.6299709318565013e-06,62.70630071176443,712.8808723326113
61,4,jittered_pri,7317.739331423173,0.9223420313451174,3387.497070652352,0.4394810908660247,-1.7546272719542757e-05,68.3533630128295,87.44495172373354
61,5,burst_mode,16075.366988728329,7.292918739771663,941.2431088330158,-4.6522917963823005,-2.3304065818132844e-06,34.44466539873338,448.11285462557765
61,6,jittered_pri,1467.2336557007861,14.287890439898952,2641.988920280812,60.668982706698074,2.8364566560294015e-06,41.65415115046562,626.6645611271409
61,7,frequency_hopping,10319.387174731348,15.353549037864326,1376.8152515992565,-59.459033539101114,-7.31052494831877e-06,26.623349859136603,781.9772129135397
61,8,fixed_pri,3185.8175469726693,14.210120827057263,3426.7057515575666,9.607537110144762,6.5832936426221005e-06,53.275692329820075,824.3067123714444
61,9,frequency_agile,5982.062374531553,2.5324660891775395,4303.557198984176,-52.92360793526703,-1.6844931026825967e-05,67.39793558212969,616.1224953500706
61,10,burst_mode,15814.49158067111,14.029047345654568,3289.9545476574817,-60.60917672199956,-1.688237238421411e-05,74.98667107854362,288.5712672709177
61,11,burst_mode,9068.687379310786,6.431385591096789,2982.063753145929,-22.76700670582285,-1.244194025102047e-05,45.9850358984515,199.54245635316485
61,12,burst_mode,12243.940672287232,11.58963947141563,3971.041865343294,35.351762322541234,1.9967125361308855e-05,58.176028697263256,553.3573680804643
61,13,frequency_agile,2162.245641520044,16.8889740429103,3899.9606320591784,76.6584499685523,-7.134589153379934e-07,69.07342356415164,600.7382674713614
61,14,frequency_hopping,8857.975958289924,15.134527550338852,4986.32350774657,46.48920422612987,-7.413078954196593e-06,49.379866499604326,520.3550646949602
62,0,burst_mode,15923.321920359103,6.813225587809413,175.73423103768084,-29.081906462957114,-4.194154744339325e-06,56.18960223644642,478.48168544867207
62,1,fixed_pri,13748.56079577262,18.30328682577079,2099.194789851872,-53.03584810554541,-1.9975626930033218e-05,40.934910054885925,362.66348008271035
62,2,jittered_pri,13982.64233257624,9.314578181758062,2568.674440213895,-77.33390165590833,-1.067627400785325e-05,33.99117804958463,270.13626921609506
62,3,fixed_pri,6486.898348141126,1.434491460233138,3774.3968406551344,-73.61243638829288,-1.2595633296125827e-05,30.644111360099103,1.7240177126532474
62,4,burst_mode,8905.981025412822,10.532488068416301,3772.346307205579,-23.223261270553422,4.9591907403690435e-06,54.013205376364866,124.21197710969514
62,5,frequency_hopping,3898.135615378634,2.6552348186261816,2111.4865839517124,49.295725441418426,-1.5283633025502157e-05,53.95162851769237,591.8089096862614
62,6,staggered_pri,7555.671226328816,10.834969309529628,1343.7832997592918,-33.5803852831944,6.068050918093411e-06,71.62101558235621,723.9723674377259
62,7,frequency_hopping,15307.086149020884,10.280032983896957,2098.608733042253,29.466763427486114,1.7516648505329213e-05,42.562576835537044,193.47217062954587
62,8,staggered_pri,2695.5444247105197,4.413682183937773,3681.2374361245174,-31.483785863651775,8.841134905413096e-06,34.968525776091624,525.4817681660404
62,9,jittered_pri,11731.726876415818,18.864324789834097,166.53855220500785,77.32829122374937,-1.6354349885746355e-05,26.410731484021767,566.117526039389
62,10,jittered_pri,8479.963029026923,9.603082132230513,3927.9161653516317,-68.83627091553323,-1.3438510331343576e-05,25.03133947785531,415.1911821179885
63,0,burst_mode,2875.3694122596194,18.62625412592817,3453.909861822064,-40.61319740413539,-1.7059456003614084e-05,29.18025476631589,765.0874124431517
63,1,frequency_agile,4538.037887312459,3.09517970413287,912.5238197242359,-60.11788677834705,-1.9335334144663172e-05,29.36479278601952,96.76739214397094
63,2,frequency_agile,5575.4859408803995,14.99274632445356,371.04085545536265,69.03662052011771,1.5719363999104526e-05,43.299517391676716,387.6997377716782
63,3,fixed_pri,6838.864447409766,6.326703349862967,4900.526654974533,78.62260945762196,-1.2646548613080714e-05,54.287668181690684,165.77330241597156
63,4,staggered_pri,9052.008592748225,5.690701780786888,1513.3139996614316,-21.00529740780358,-3.8954394579767995e-06,65.16936300472017,681.5595457195927
63,5,frequency_agile,13863.852610812219,7.71107583770179,3418.5024671989167,-50.69184474820163,-1.147385133714301e-05,53.41865252099485,116.926994410083
63,6,frequency_agile,16081.973673439401,3.6909090531061417,606.9326097320516,53.6742764120483,-1.2299856157721423e-05,30.039121753715165,348.61893162565514
63,7,fixed_pri,4901.785253057498,10.505123995075902,3268.214359984688,-44.85945002770228,-8.817748831423856e-06,57.31952566363627,520.5622250997643
63,8,frequency_agile,1971.4834598765765,4.714405885069598,4944.252390941101,16.591777174455444,-6.587751570457878e-06,33.003804262306225,372.52129090534635
63,9,staggered_pri,1879.1228670457062,7.234932662600066,2889.3480177638476,7.656426731843865,2.3871507483170405e-06,39.639763387816636,669.4924431395071
64,0,fixed_pri,17099.767323310494,17.040862469030824,4294.819050268893,9.816570304166333,-1.3650415002458322e-05,36.90357141495947,163.3986607027642
64,1,frequency_hopping,7436.815382240787,0.8585457077479028,1965.010858978797,-71.20674256628752,-2.902802152476865e-06,38.57998296544964,423.13765715403827
64,2,frequency_agile,12252.353066967478,16.157637977666706,1883.093817603275,-49.377559343957586,7.502018501390111e-06,41.35211809070735,571.3523333910496
64,3,burst_mode,5766.578302080273,12.286124133128402,1468.376332570246,-60.17281253758643,1.1476761564809357e-05,48.05413944319993,743.8653204926352
64,4,frequency_hopping,13166.611565535013,3.1164540478393623,3022.749397757801,-7.210526298964226,4.3748902774578565e-06,58.71534489855591,13.391988644352482
65,0,jittered_pri,14835.357684021721,6.66701831673603,4362.728224644213,28.568942397740557,9.360722146231412e-06,55.42449049824641,461.5971558089549
65,1,burst_mode,5258.138332584116,5.091229640848347,4305.116948820206,-61.65873265908026,4.319323896106439e-06,39.4564118839924,613.5415661349504
65,2,frequency_agile,12054.348635017339,11.7354516415973,3783.1022309769996,67.22651244252316,-9.347475810152863e-06,74.12585461580272,114.66281326680458
65,3,staggered_pri,5988.191085054422,10.90294658200775,3542.0555685256454,-28.835427183996494,-1.8678008912117964e-07,44.88856933511598,93.38255569137227
65,4,fixed_pri,13354.833969570935,2.9985157128737585,1723.87274004328,50.524111359341475,-1.5830372582713396e-06,63.49509330320723,722.1556554239663
65,5,frequency_agile,11913.60787297748,16.451351463773932,258.82903303467003,-33.12955180471075,5.376630569252291e-06,56.90616214566579,655.0701097007639
66,0,burst_mode,13656.534339665151,8.970171266013319,2292.1080681509156,29.392784154526083,-1.6894417729194383e-05,34.78468994126963,81.0279650239513
66,1,jittered_pri,11509.289726171508,15.964805871738431,1425.0713776547427,78.0418745325955,8.067560778673212e-06,34.76106051408537,54.49921827209582
66,2,burst_mode,6080.736833144666,14.59069150526196,1446.5712616099534,-24.518277916422946,-7.010442350830216e-06,45.63636706877061,79.38971400159936
66,3,fixed_pri,11357.63891824594,14.506981065378254,3822.737035177941,-33.700573482931944,7.719744574955031e-06,61.392444542683904,603.9498528637173
66,4,burst_mode,10861.625049535858,14.652503971033378,3796.4917087360955,23.213643528523477,-5.860955602241127e-06,71.73096447818116,133.0860753723791
66,5,burst_mode,11934.384625361587,15.118592655145195,4785.424668239327,23.226242483862023,1.1263601586364119e-05,56.79231822875278,739.1887079037051
66,6,frequency_agile,14077.3042539185,1.5552625504329085,2987.0070234097434,-61.82786309844367,-1.2826562182130325e-05,34.009837966347924,814.2748857967932
66,7,frequency_agile,8801.964512800721,11.399914024148732,2880.9392335858324,-42.83972332694734,1.9147633027592098e-05,69.05980452629974,292.7770707360057
66,8,frequency_hopping,7479.137919832783,3.6181572075248893,1776.622241037541,-39.04610706861932,1.0049970261023772e-06,50.998885626986706,169.6151831140205
66,9,fixed_pri,14353.506945119663,15.907964374328715,1761.0710418465987,-6.695308694463975,-1.870703408742664e-05,47.11140325353736,688.4024446497847
66,10,burst_mode,9642.23231805137,7.00383729720927,3629.4837592733275,21.496159848803018,-1.723633814996202e-05,68.39462917361334,226.19844306983256
66,11,fixed_pri,6729.616232693091,11.446182519811034,4094.71289850807,45.210015333886716,1.95742743653973e-05,52.73324118551987,154.31371488473624
66,12,staggered_pri,17835.384900309866,16.811691001465036,1905.2865044008279,2.1911381673509,-1.0516912836819545e-05,52.29890091266292,160.24493591401213
66,13,frequency_hopping,3371.3568031750447,1.0531037704969508,783.0921347868385,4.505328627490428,1.7083812718601025e-05,35.79422463456696,682.8467866875181
67,0,burst_mode,14277.860185579577,12.783618614532639,4690.834247477991,76.72524313168077,-4.718066509711605e-06,36.09979153257403,864.1912632999646
67,1,fixed_pri,3298.5247531061214,12.434656973464683,3632.7905809638683,34.034501780217056,-1.2287207830102062e-05,44.51392992511304,135.4308898006747
67,2,frequency_agile,11745.95186656222,12.55167875557535,3823.8981900808376,30.640007276296558,-4.961139576401552e-07,68.93568231682823,755.7813919617803
67,3,frequency_agile,5542.803763773036,6.004030509305137,4004.8963102541525,31.923280943411413,-1.2657043685702348e-05,72.90576419498714,612.7101511271729
67,4,staggered_pri,17343.70468260467,16.043214349611162,4070.2890721792596,-65.26955541626647,1.0468301941156978e-05,46.68159471564287,626.5115404422091
67,5,fixed_pri,2464.2682466859806,13.956775051021141,903.3327750183387,24.43890191142077,-9.314738615739047e-06,48.52166515039917,624.251883265849
67,6,fixed_pri,5363.151359942502,18.48259540793091,4183.935409017686,44.68130484114903,-5.64607319328756e-06,57.80036668849252,590.7653741545645
67,7,burst_mode,8390.935945307669,10.54050789629898,2918.4661052633123,-31.8578506273669,6.038319769696903e-06,55.87053768620133,572.7786148105528
67,8,frequency_hopping,14536.886434158932,15.378818438809292,1692.272749622947,-20.415654004751076,2.8525551114325754e-07,63.684944192634724,15.090495063622633
67,9,frequency_hopping,10525.56528471747,2.4565547435685327,1796.3428981299346,-26.612538623355135,-1.85478838279135e-05,55.084920380828095,740.8732258735282
67,10,frequency_agile,14741.41058418079,19.080081568086275,2611.205521471422,4.999629303060004,-1.8070960079431105e-05,32.802661413148876,73.82627617544306
67,11,staggered_pri,16206.74026333139,19.96656495391078,4086.9475594671794,9.404900645435461,1.2976792969998193e-05,60.59567039195801,10.42672609257772
68,0,fixed_pri,11991.75117143807,9.005211012321286,4309.791083034024,72.8155583975728,-1.4757285120489977e-05,32.50483466353818,358.050501830602
68,1,jittered_pri,8262.547484544797,11.291307048185217,4829.845581748337,-38.893206847226054,6.9320208385887526e-06,63.522264776485656,587.5712709575596
68,2,burst_mode,12091.02481838445,4.143444072418359,1023.4728423862864,-2.9838032968796,6.135883334886009e-06,37.11958890277259,109.95058398689503
68,3,frequency_agile,8864.47033558913,9.775724873279309,491.3194992313073,65.33038463594355,-1.8245807952479896e-05,58.33616171901981,668.5568686847804
68,4,burst_mode,16981.66338901819,6.086964155436618,4453.724168570457,-64.39934698870879,3.6820086449220175e-06,34.331553746560886,856.1034330112768
68,5,frequency_agile,6539.106014126536,19.731713029014127,1591.3265109597976,46.56339085079095,-1.4197991925547734e-05,69.64101891860417,153.64913802206576
69,0,staggered_pri,15706.457150482702,8.166663739941693,3369.1700344384453,-8.012812952695981,1.3726445726197278e-05,50.16378296483667,760.5461528510564
69,1,staggered_pri,9687.277546644182,1.501946655422996,2986.1007348513954,70.13452163333457,-7.440560809509718e-06,59.301881292212684,407.7571320033037
69,2,staggered_pri,17650.755479481286,4.918426220798113,2755.6194680527387,-16.882301782414416,-1.0382636654446347e-05,55.5350702034479,761.1750245043979
69,3,jittered_pri,9623.647932519185,9.371525273324401,4399.420238822538,16.862704039692773,-9.94077074371337e-06,50.598749129311074,795.0881526820225
69,4,staggered_pri,5930.463447858826,5.356664843091234,3629.4440397407066,-30.15928477596315,1.4094587424376192e-05,31.71435189490461,439.71335721859464
69,5,frequency_agile,17601.730132147986,6.998743541714571,1014.9920359889487,63.3527902968431,-9.8337549087108e-06,46.277878890868166,691.8482009492951
69,6,jittered_pri,7810.439836753668,0.8713143165462407,262.8474706749457,16.479720555441446,-3.7157383029235726e-06,66.96958778755713,354.99591220985985
70,0,burst_mode,13486.881772742046,13.452594331961713,4008.2059856378664,-12.999125026300007,-2.9748997498489387e-06,40.17508470634199,373.92357903147587
70,1,burst_mode,16901.307423337093,11.319592453628424,4691.325325606205,-63.022645479039014,-7.38875445929379e-06,43.52945728101639,69.70591896414899
70,2,jittered_pri,3807.2759195042245,8.732048196476429,3039.383348481283,20.289116565379786,1.8173169957767153e-05,53.387150054446124,3.0367614975701063
70,3,fixed_pri,1882.916702379131,12.230946051107043,1208.5845072447087,12.51244389175794,-1.3830589150985336e-05,36.13663320202232,305.9173156921033
70,4,jittered_pri,17523.007631005472,2.701290775041301,1288.7945450299203,-28.49746239978417,-1.5196632068487627e-05,54.189238521816506,770.6278487150956
70,5,fixed_pri,4398.129419611811,14.174812193536274,641.7880255980879,46.64124708820367,-1.6352197309561534e-05,74.44203822644637,842.7774007757833
70,6,frequency_hopping,11872.503527108554,5.870396908324555,4725.996851812058,68.29739726911825,-1.850956777336019e-05,52.260002643348564,502.7877832844497
70,7,frequency_agile,16601.401373923043,2.3651226424101837,264.16208259319063,-53.52101621694176,9.687507370042963e-06,55.73676949846302,788.8911438898344
70,8,frequency_agile,5850.025460449285,15.110109629066033,2217.345694699516,-22.11595757810997,5.488923366452081e-06,31.40098341230612,34.23122629405053
70,9,burst_mode,1502.5881606112735,7.3353373762584155,3997.73759438564,13.251515018666495,-3.472469850364314e-06,57.36851684280701,577.6928864353233
71,0,burst_mode,13191.577755702601,13.857065860692062,1859.0914615917427,-31.293288619322283,1.1425564490347146e-06,35.62291207562846,501.65132048919594
71,1,staggered_pri,12717.574306663699,17.645324266872052,2649.7397933139982,-22.5282094761169,4.803413465514872e-06,58.453438646908815,16.746396979924928
71,2,staggered_pri,15633.335703713961,14.211699573462885,3815.308623197991,75.69157417045,1.305402337788441e-05,61.81934654119405,458.84065074577893
71,3,frequency_hopping,5478.074954105862,5.5524853602387,3597.868367981413,-60.93054333308373,3.637015764304117e-06,45.18886541901419,719.7198319257743
71,4,fixed_pri,16807.776293865427,9.085205463781003,710.891053026487,34.36690999963814,-1.1410175779757187e-05,46.05019957556387,317.35709824388147
71,5,staggered_pri,16125.248649703384,15.103133449848725,473.16981005057545,45.87821622593829,-1.660940711596147e-05,53.30824851154388,252.12345787227682
71,6,frequency_hopping,16924.099812996727,5.931616896267496,1583.8878107361681,-29.778971230371965,-8.595904275418553e-06,58.55782215073299,764.8609473620126
71,7,staggered_pri,2520.884236913967,11.979989893987472,106.23592827992128,2.45239088060508,1.1029347283013201e-05,44.118355814894514,427.8067367274757
71,8,burst_mode,7574.113604295684,18.242944550464088,4224.301561418096,-62.71115825649515,5.223650961201935e-06,42.39584150109897,650.5134642695339
72,0,burst_mode,16941.436042102614,2.25829119666791,4562.339124708687,-63.02010454768915,-1.0027481000122887e-05,71.51160152703437,724.0849381435623
72,1,frequency_agile,7399.801942583658,4.029684234954286,4849.307706227176,30.975385154974205,1.8534088440563466e-05,68.3627194517052,470.51083296826505
72,2,burst_mode,15329.729017069776,9.717969851303087,4657.747825060022,-51.425893209300035,-7.479969604363827e-06,40.13415267773962,230.80354947411905
72,3,staggered_pri,17432.965624181743,18.969404574523065,4715.831888276555,65.22073078082732,1.6269392559484105e-05,66.4123628780616,749.2920550117376
72,4,frequency_hopping,14209.876137684636,14.208139233192599,1655.8552387603524,48.01816426639786,-1.693782985981426e-05,45.75180695274655,529.9749228204047
72,5,frequency_agile,3577.1696469002736,1.8527434368954359,3408.1704216248118,-38.5644228961792,-1.677609821272078e-05,67.54724667447235,603.226947618856
72,6,frequency_agile,4753.942151300829,4.652617430469367,1422.2885479173756,-10.873681613917142,1.4620910393521632e-05,30.602791962415658,780.3435148909721
72,7,fixed_pri,9843.132075640362,1.1994373415237456,799.5777756285465,-46.68597691210426,2.7725269800111353e-06,30.4061236929704,552.0363268911586
72,8,jittered_pri,14963.37987369424,3.951934537785541,1870.541080935085,-11.381307969198446,9.819345517252164e-06,59.11596949093779,52.44619281740211
72,9,frequency_agile,10910.262200172217,10.664215467154994,4920.457819355446,-12.05652254498932,-6.279193814827382e-06,28.79439287346322,55.737921380459966
73,0,frequency_hopping,14159.156848883744,13.907179084473249,1133.119884528199,-72.99375423227804,-6.3382906785744105e-06,41.589367596903365,560.1124823293143
73,1,fixed_pri,11153.124730460993,18.5810935102532,4504.726490787376,-62.3307114342494,-1.3194767338429304e-05,74.65143862932649,333.68141672588496
73,2,jittered_pri,3077.867162819294,5.929480711198269,4665.477397196572,6.900803176663118,1.2294082616402073e-05,44.30097845910873,342.92729336750847
73,3,frequency_agile,4986.889433949432,16.401261825693787,674.9069115578135,-79.79069339950826,-8.72582001562972e-06,38.88808227122141,661.2249456651145
73,4,jittered_pri,12302.208395686657,12.245938012189416,1988.9103874394734,-31.54271451500449,1.2524285849071119e-05,43.592914120662044,698.1291213231339
73,5,frequency_agile,11293.071603110719,5.4611371737757946,3368.0538072586023,19.802263994934208,1.1485184110457144e-05,26.31533453264887,814.0854044813885
73,6,frequency_hopping,9104.901760555189,1.8861237576952354,158.879404495305,-58.71060387783835,-1.24647016418464e-05,28.126156739628993,383.52810779184216
73,7,jittered_pri,17233.492116373745,3.926261016627111,2530.308399039042,-48.50740549887842,1.5486334926045926e-05,62.95979113956685,792.8137083422946
73,8,fixed_pri,5982.06715371675,3.029627502727278,441.64861056610783,49.68015365215649,1.465074257252076e-05,68.57755253781218,133.46396678342904
73,9,jittered_pri,8035.115346266197,9.385869839870406,3998.875658074083,68.72742093538062,4.241527939069823e-06,46.634646237939634,595.3193640054882
74,0,staggered_pri,5552.03494961737,17.84619838093363,2980.9335929051026,42.935360352151605,1.8571410591494322e-05,56.732726425901134,333.23383464397915
74,1,burst_mode,5679.538346328264,18.889553629827336,4195.087467112224,44.05378387971645,1.6161174416641252e-05,59.89658605430505,335.41173427824134
74,2,fixed_pri,14459.077042325493,10.465496195340815,3895.9412049144657,-27.309897760020156,1.71552866066003e-05,64.20195844207548,356.02607940411946
74,3,staggered_pri,4695.02767266692,17.31948085116065,4663.852088979914,34.04338391183039,-1.9202804454968338e-05,31.526605637345156,505.6320321343595
74,4,frequency_agile,10719.638837067134,9.915912726826832,4332.6701124134615,51.20292103817059,-6.763222920109078e-07,31.103859557843506,719.3172668500305
74,5,jittered_pri,8056.966423562617,8.212402709866202,1408.101817984248,0.3956928832978548,-8.489331206383835e-06,62.33808630684789,460.827976378904
75,0,staggered_pri,7013.836066853178,3.083915494385457,673.4256424120698,-9.71786475191459,-1.9572711284620705e-05,61.337072185919574,629.8690294036617
75,1,jittered_pri,8008.547934372894,4.594837339014616,2001.4037642612277,-75.05793709236549,9.733773489267627e-06,43.37773887936188,781.5438034118574
75,2,frequency_hopping,14064.139406049895,4.102126587124594,2200.8075205359796,-33.34548704755315,-1.6529282901871787e-05,34.6981705255118,424.70884165511967
75,3,burst_mode,7739.808408826962,18.398937382443954,4733.792904781987,-6.004027949981108,-1.453361400045937e-05,29.923523352036785,504.40738678190814
75,4,fixed_pri,7617.033626074951,18.96113918345847,3231.656760405718,-33.45120043724222,1.5718353082468188e-05,48.357948657193006,678.0775778182139
75,5,jittered_pri,3548.33722025503,6.360932590056675,4467.070157640272,-71.40810753533952,-1.0774315901459858e-05,41.01231330910187,832.5016422594543
75,6,fixed_pri,3719.8130596671276,3.339992948144074,3230.882522666908,-65.70969573320346,4.0602076065092866e-07,73.11616043610523,64.97289142606785
75,7,burst_mode,2232.7444765789724,7.047863990136595,4545.057718520728,-24.159386199898947,9.6058484855878e-06,55.85538861701917,215.30895380097076
75,8,burst_mode,4772.96624398426,11.47048646302875,1741.9591715496529,-65.25874542923145,-2.7648232157026937e-06,29.088355018221314,664.7576527564008
75,9,jittered_pri,12460.44044639736,17.64607026944852,4858.997968393272,-79.85772268642833,1.748294320539624e-07,31.910062864963827,245.96790238264506
76,0,frequency_hopping,7232.933795740259,16.142912234078317,3858.6550419397668,47.253524650230304,-1.2366069198252766e-05,44.65171776263166,767.3655370479298
76,1,frequency_agile,10195.89331746004,5.231524113952272,2526.899009932385,-7.999293208821399,3.781227889081493e-06,31.201710874763585,806.8601081182488
76,2,jittered_pri,15690.736321220198,8.993528797085771,4921.4959939807,66.18349540338824,-1.930553378924461e-05,48.26857983899605,742.1619855139363
76,3,burst_mode,9155.099843032183,15.757203974334432,1415.3957550927262,48.48917508741485,-1.0260536222374532e-05,35.24250157632521,573.3252769063
76,4,frequency_hopping,8355.947024286055,5.1246262072755755,3627.913795033678,68.22465876080204,7.877299890274485e-07,31.914664069106507,129.08354105659546
77,0,frequency_hopping,2392.93393953719,18.48455604909306,4806.979988893385,-70.79668546102636,-8.168060109914474e-06,65.35486091912739,525.5984431781017
77,1,burst_mode,4141.816695975647,16.349407713703982,4395.93644012456,-68.61311781672624,-1.1403616581222847e-05,71.88345636180895,846.2652390661367
77,2,frequency_hopping,6232.246136452079,11.633569406061033,959.556525902248,47.0227017415433,1.7576906974737436e-06,55.55426935697693,794.3615450724063
77,3,fixed_pri,12428.91339747667,12.71460386720472,1407.0305900190042,15.616122160949004,-3.579994173612308e-06,48.79406134392175,429.9620742146993
77,4,fixed_pri,4295.124812942096,9.684037479175954,3127.874412071356,6.8462395392781445,1.8210792451392507e-06,30.673571532669627,704.1575936451085
77,5,staggered_pri,9357.460117090732,18.432051981743506,2113.9943918768918,-67.44685538885551,-1.565063263761117e-05,67.23882029702033,706.669730847045
78,0,frequency_hopping,7184.088753795118,1.9801828810465345,3603.7770142102418,-48.02769823364866,8.435727354603081e-06,51.52423634369143,358.1021454937371
78,1,frequency_agile,4134.297540070405,8.957313429565522,3904.542498961715,48.08307140668191,1.4175641197875993e-05,33.66056551519533,170.86019300875412
78,2,staggered_pri,5606.7687246675505,11.339218098756904,257.5301695542065,0.8766294753680199,1.322759209652756e-05,41.059795297179086,794.425200896294
78,3,staggered_pri,1368.9497489062885,3.0133316426146526,4340.178056812951,69.92009240689165,-1.9807459812406834e-05,65.97827337192645,222.32761184274455
78,4,frequency_agile,16779.989487015428,8.482510836098331,1326.8498175040525,24.609073903555725,2.394680253200013e-06,50.90570386137959,338.77893585193874
78,5,burst_mode,15700.999915117322,9.274211085542191,3391.7842667607706,-6.011577604055077,-4.42376071434959e-06,56.064682993569036,195.80202529440874
78,6,frequency_agile,15789.869683303592,19.66492471961782,299.54485590225784,-13.665889007446197,-9.66454589920557e-06,60.36465521661224,531.9330107727988
78,7,frequency_agile,6456.542435931432,16.477900685591937,2103.607649774791,63.26281763986225,1.7299886005622786e-05,43.54589866147113,351.90672005427587
78,8,fixed_pri,9849.441926042835,4.079948038048324,1702.8307902845638,19.02288203937944,1.8835237800970913e-05,66.126029871338,696.9385768957407
78,9,burst_mode,2340.820463746692,8.99136554273112,459.20407557027727,63.90205411057386,-5.341615260448736e-06,71.04141639744459,507.3593973131967
78,10,burst_mode,17176.081275529315,17.715932724547198,2400.6600003572526,-74.09807268617774,-8.18689538812099e-06,70.0890997412912,473.73604628487675
78,11,jittered_pri,3552.569886282805,3.5200380953226227,1588.7937949464363,71.33970456306184,-8.066410746768038e-06,28.862055823787223,25.677273605375806
78,12,jittered_pri,14854.33712530122,6.260948205685603,2789.326677403674,-9.286277905248454,7.830673177100839e-07,70.87886784388529,723.4920817940716
79,0,jittered_pri,6669.780040942533,5.467120095237667,4576.843787414211,2.978042336702572,-1.9585699180227366e-05,43.47886682788038,594.8436395203182
79,1,burst_mode,4147.118168853302,9.719495107453781,2804.6547344085798,1.1192745688580032,-1.6804383236041365e-05,40.52222268442735,225.75663416803195
79,2,burst_mode,14204.379842338574,7.0218226777701025,853.2869021529847,-45.72260067016826,1.957246181496398e-05,53.65837267613912,535.4819304420178
79,3,frequency_hopping,14391.674116733286,1.5903606897705116,483.3468933832605,-45.523061611274294,1.787912975032216e-05,52.842233373053816,820.8239365202784
79,4,fixed_pri,2670.032398482691,10.513399995037275,701.6464376027751,-77.97174192302148,1.7656654724539576e-05,72.68749732891182,891.4239157981724
79,5,burst_mode,17241.769825284875,14.244909458295977,616.430558394799,-40.95338139163218,1.8690563339816644e-05,46.92195449488503,461.052261502127
79,6,jittered_pri,5446.28361644243,11.890092575484505,3490.5472797147972,11.789069909103006,7.365449880635615e-06,52.69955343915396,354.6567643733112
79,7,frequency_agile,15678.140564768968,16.03417178440587,681.7966283266127,42.32542365893785,1.601225802489836e-05,69.8703749405929,59.61765285697865
79,8,frequency_agile,1311.6564671050457,5.035945262749392,3522.9079694539196,5.595856012096206,1.0683938206968416e-05,73.86798806381732,744.129490122483
79,9,staggered_pri,16526.28470806993,12.178421463652255,2346.6321744085753,37.393311954604826,-1.934414117109834e-05,53.040359033512324,472.08373262095836
80,0,burst_mode,15076.593859007116,13.506795629786696,1578.2216875672957,44.590151593165245,3.53543516909939e-06,51.96376481888894,536.294121042094
80,1,frequency_hopping,6813.622775973926,17.904945411513594,1765.1908407940198,-53.08840961452617,-1.2256511324965277e-05,48.834195025191036,667.3580734572547
80,2,jittered_pri,7198.912422277335,14.354203369739063,1398.7832598157543,25.696412024448847,-6.7795504612118455e-06,60.07978667214306,552.3635844903667
80,3,frequency_agile,8252.680745576903,12.866842157964038,277.8405556362564,18.37795641128986,-1.7710257596064567e-05,47.25436924958835,161.13806523200589
80,4,staggered_pri,10426.099535265183,10.435370488757131,4057.875617665915,18.491867149030256,1.770255051282277e-05,66.58669867529146,739.7623792450775
80,5,frequency_hopping,12582.127581918996,6.914071661142361,4450.631082569045,1.891308301492785,1.3292396184978349e-05,39.390748530181504,78.16367484304692
80,6,frequency_agile,15102.50381672557,16.198996837373237,4382.314952435,-34.96431443888484,7.2110390263515805e-06,35.77641611535775,395.1953096295063
80,7,frequency_hopping,11191.427963389586,14.59028377881765,2657.425656970098,66.4258720899868,-4.234153974811112e-07,51.143473851570626,429.8282800667834
81,0,frequency_agile,17908.047180359536,19.169943848234222,1627.050903929639,3.431212822845282,1.6564508962580322e-05,36.19716918545211,546.0554058582477
81,1,jittered_pri,12816.078547213585,16.72615337867282,2561.2609964332946,7.7244069922487455,-9.653080179793952e-06,58.54886403835042,560.1844285855755
81,2,staggered_pri,14578.822356234494,13.762959663405283,1186.3051999536203,16.902516536386912,4.3000973405534266e-07,59.59512029820025,530.7325283801283
81,3,frequency_hopping,10853.559281380343,13.66933339601328,302.4234784249421,-46.900090016919265,-8.378925847905522e-06,31.776854716992148,57.14806767193045
81,4,fixed_pri,7274.089632054443,1.445789043889397,4870.585903990584,59.28873936854632,1.2661679695312155e-05,47.09600023352647,630.6782155805045
81,5,frequency_agile,12674.31880293344,7.898683917475808,1073.1608297210241,71.70687835671569,1.5557400332005234e-05,65.84078402209691,694.3818630432704
81,6,fixed_pri,11794.97529484207,17.463646277536895,78.66395973499641,21.448758648142586,-8.187649079756771e-06,42.38893952302704,557.3675591748827
81,7,staggered_pri,16388.05356187836,7.588485073856684,1160.9151522429224,-66.18539348825131,-6.18684527577361e-06,28.70714763402931,827.0429707782347
81,8,frequency_hopping,5518.96342837442,6.126607838099837,4624.614927662705,-77.16703871060588,-1.2929272884522295e-05,54.078779769361475,645.1664411247037
81,9,fixed_pri,9998.040283737002,10.09965544711929,4244.503525320985,31.93242983809496,-1.6328223656850757e-05,44.76681938008284,104.78734011851358
81,10,staggered_pri,14049.850062555763,1.3528952921589261,4804.99353348406,55.89796693315628,-1.7364024161798937e-05,56.69193483796866,30.072391372920038
81,11,burst_mode,4379.176677426602,3.4596741097731334,1023.1186269508368,-12.268059191317292,1.8023179613084683e-05,50.9995094392542,232.67533174764117
81,12,frequency_hopping,7742.537829371393,7.976110747199555,1081.838923728703,-60.26854723460167,1.8676162055920467e-05,51.637305521457066,201.64030783608118
81,13,staggered_pri,11016.93529119696,3.204466445477164,1120.3113016869602,76.86009509284554,1.8693197303109067e-05,31.147934354870305,56.87947115388403
82,0,frequency_agile,17413.20651950942,17.212519133670387,3493.6204566171173,33.209671181417974,-8.647153378997544e-06,44.34984535614505,743.5022003962149
82,1,fixed_pri,6259.757403706367,13.510142391479937,1077.879756614733,-74.75316393525924,-1.6935517685135153e-05,64.76527490601634,84.64966057705985
82,2,staggered_pri,7721.651418832769,15.054101230426674,1448.8703891912419,73.72945409656879,-1.0630045812665771e-05,32.220860803569266,489.08069014655393
82,3,burst_mode,9288.440058887072,1.4447268208394686,1719.169134877474,-30.481248806280483,-4.575899561963587e-06,51.038724522667835,342.51630666177465
82,4,fixed_pri,8133.0715970870715,6.8754316876557535,885.7111235940278,64.5651844821133,1.875284347862402e-05,72.18322113832409,146.00115867991795
82,5,fixed_pri,11708.301455346917,14.822986563979683,974.057995630263,13.132183518975978,-8.633220714359107e-06,36.60120084917584,522.0199623126604
82,6,frequency_agile,1374.789652281408,7.45315888165054,229.83966975257135,-55.248457745401076,-1.955468450924454e-05,25.947940944671593,743.9294399921722
82,7,frequency_agile,3177.562671108495,4.824602097046899,3068.6423627669965,-33.5887207507135,1.2870993057077888e-05,45.16596959238408,164.51815207403763
82,8,frequency_agile,5759.419933417564,10.499829303246848,3855.9187502338877,-63.99718728623643,-3.200485528737244e-06,57.0750040359509,68.2478200146957
82,9,staggered_pri,14555.547480751662,14.92670759433398,4299.454247405649,-59.64043680704643,1.7837268019228504e-05,45.17220441991888,349.6488900540608
82,10,staggered_pri,17696.878656911384,12.778317438201814,2923.83978971526,56.38578911333633,-1.0849946503568053e-05,52.76982755714353,763.7087679146282
82,11,frequency_hopping,1041.395899323598,18.6529488728094,368.9570397795529,-43.38194575172972,-5.481619522200144e-06,48.1962736605924,305.3954156814164
82,12,jittered_pri,13343.410553584637,7.150525210744742,2688.7945897702098,20.26923145184881,-1.2218083762944816e-05,41.88857597439161,457.60690787671007
82,13,frequency_agile,10435.212342344888,11.424859703006934,3844.5000538630406,-74.70547464724832,-1.2480613142201605e-05,43.272516053837236,347.96799399399004
82,14,staggered_pri,7628.977645659529,4.162768307521555,3348.4018766188847,31.50396144751157,4.481805202172038e-06,67.2540504233693,530.0269072392338
83,0,fixed_pri,11459.796311411652,5.303789140754275,2382.8793331758975,-14.784630693055178,1.765295695388091e-06,61.14623649732123,196.553839555164
83,1,burst_mode,15345.96816449047,2.892836894134377,653.9683102310838,-70.72297340349762,-1.9088574373688237e-05,67.35259352397928,550.5906667054893
83,2,burst_mode,4659.678326128213,18.016346732568895,1548.3944794521349,48.30357402777315,9.430542283082431e-06,44.25804867235772,864.1954982664975
83,3,frequency_hopping,2271.262120864272,15.321696193199724,2784.8991305896993,77.31476073927982,1.0537532974260904e-05,31.51433589522749,220.99413469558561
83,4,burst_mode,4471.220683183919,7.552535394194858,1554.3120219381399,-31.417953655690255,7.582837020161006e-06,38.8314761238694,507.4953738584262
83,5,burst_mode,6867.13672611056,14.721568927578613,2539.4155560944228,54.42086884896764,-7.731924541310088e-06,65.47666159410969,61.65311275668491
83,6,staggered_pri,2878.0181349856166,6.464702244637439,794.1170103847805,-14.758849002574209,4.750999177189409e-06,53.44220083522697,592.2252180440518
83,7,staggered_pri,3484.157749744592,12.972200205123242,1336.9583879100667,-68.39495798999371,-1.7862994711061362e-05,63.78304408659396,524.7837119794304
83,8,staggered_pri,16410.34248617672,1.5304856703746017,2563.9684297228173,76.53830869486046,-1.8091118273640146e-05,28.6538046332602,682.8236674316397
83,9,frequency_agile,3110.9793332854733,18.391261710390623,2212.2059716340004,-16.72559915458656,-6.4454799229340675e-06,32.210836011959074,183.09956519144703
83,10,frequency_agile,1811.6192493833282,18.333831088669946,3526.4317715562925,-43.21039248876975,-6.026823289051473e-06,44.00178529604278,823.7525436587616
83,11,staggered_pri,14160.787810988559,19.080938525452197,1172.3306361170726,67.32248844676144,6.6853257702588095e-06,56.6314708839466,774.617837216207
84,0,staggered_pri,4601.181339685687,11.042923680179696,3292.3294658428213,42.791519293245756,8.935408053814085e-06,65.96233727034769,854.3427507292276
84,1,burst_mode,15687.211814835322,3.6090637550070683,3496.2476324792506,10.674261482295748,7.4645844756509e-06,38.5924985693968,188.31584417163577
84,2,jittered_pri,16646.162463596367,7.681609642681137,4661.8944432552325,8.750961023763978,1.0021842588414067e-05,54.61083699523168,736.8574258219813
84,3,frequency_agile,6261.338844108486,6.953675928834366,4007.295523676848,58.08011172708481,-1.0636156623840917e-05,40.13076131477413,154.2937502521602
84,4,burst_mode,16287.812458067703,7.7995977714294815,239.80156668966026,25.998906440656157,-1.1209054519560598e-05,62.039187285495004,778.0892555835057
84,5,fixed_pri,17349.2088071557,4.332202384127555,4807.34406875578,-14.503136751281119,1.7847775168858848e-05,55.91338699385222,335.9090289444553
85,0,burst_mode,1817.1553555096857,17.434350927746852,3258.2226942098473,66.28273506048947,-1.7964991530117552e-05,56.40726009485083,34.59831083991255
85,1,burst_mode,10412.995624047182,8.805275977806534,2673.585846986678,-33.69444547419153,7.811246427900377e-06,74.77706063912737,315.11523024815557
85,2,staggered_pri,4370.805228007103,19.140158233712505,939.7788134921302,-66.31491554639749,-3.951095266542634e-06,30.88084687760036,262.54251422158046
85,3,burst_mode,1199.3277095125911,15.57663912758177,409.1216989319691,-41.27744945960181,-1.1081519699753715e-06,28.82018959074208,503.353765272469
85,4,jittered_pri,8266.887456992927,12.177081954317336,4160.752913060195,77.86624238358678,-2.1810154637250727e-07,30.90565936872316,249.5550564852272
85,5,fixed_pri,13568.857702927957,15.211437089606221,167.64302423970284,-56.56971042159949,-4.177479246145079e-06,27.24908388732211,362.19803681551775
85,6,jittered_pri,1021.3155012424116,3.387022958088997,1864.2686448418551,36.94471567558051,1.772629269458234e-05,37.35120591298923,150.39653540415077
85,7,frequency_hopping,6130.701446885766,9.67292710155053,3509.9947199746293,56.4276587232597,-8.577767986379153e-06,64.94770791948324,484.2500500989138
86,0,burst_mode,14926.526343562366,16.660548959407986,1888.9592643812603,51.0680561645718,2.8523926812810083e-06,47.340127643128284,786.7930712451105
86,1,staggered_pri,5363.735948226686,13.979831555789232,4492.343855410673,56.18905696589343,-1.3075844278589238e-05,34.81074565531436,372.88899679862675
86,2,jittered_pri,11044.232882304532,13.075509236469454,1634.1527032022614,36.28233609750362,-6.446889397016386e-06,57.204926504718145,106.33512982476212
86,3,frequency_hopping,6840.113085584159,18.807600310824018,3229.7328251307813,48.90595405616497,-1.3241285603526364e-05,37.486866699059064,473.37148765294666
86,4,burst_mode,1688.6715456746715,1.7427681286472634,935.7335304988611,0.6238905991260424,-4.3900872109659e-06,70.04949584622094,591.590273986761
86,5,staggered_pri,7731.801545328661,2.1663628767893646,570.6449558445271,-65.87075105913138,1.1103120989285372e-05,70.19772427298201,689.8969941172785
86,6,frequency_hopping,16506.74852141472,1.9803822989036397,4574.082924985045,26.767538011152368,3.7799338220418613e-07,54.77739567802721,709.9072610567176
86,7,burst_mode,12070.387968301999,1.9884249072223015,4800.424975217216,-28.78912248259727,-1.8984970322977993e-05,58.2448453336414,353.1028046835327
86,8,frequency_hopping,6751.673355468628,7.016199735079461,3643.820133798852,25.634022659504666,1.5022745185406002e-06,72.44681092505581,768.2624960214381
87,0,fixed_pri,5787.980263798732,7.742197408917443,2419.143232753066,-28.78673569200879,1.3613203847259287e-05,51.34502825242657,709.8436820923562
87,1,frequency_agile,14519.705151672106,3.8867022851560535,3360.914290268907,11.22674256222939,9.819717063206076e-07,69.02820013593,400.3155711822201
87,2,jittered_pri,7953.099029854176,11.889205375780808,2379.6421373250687,6.630697916698196,8.97749837474482e-06,66.40647057455533,469.99844996075365
87,3,frequency_agile,10550.627991353294,1.281529132625862,2029.4326774105523,-62.74163816998293,2.6250547988516673e-06,56.370039219390804,176.24925252618914
87,4,burst_mode,10644.462020989176,17.40263311508861,1775.951255009227,70.34101084040833,9.186083428466802e-06,53.1083983075376,762.8373084382945
87,5,staggered_pri,9902.143524460615,16.978755514776147,351.38781157393424,24.311024655783427,5.858740976552401e-06,40.6494044624812,728.6200924809626
87,6,burst_mode,1550.2897029564533,8.66197216672157,4736.076785338569,77.65374557885369,1.576834186447679e-05,37.899884317406,717.0121846856409
88,0,fixed_pri,9699.505431441097,10.479488963264794,4433.751409971203,28.75035271509455,-1.4983833391810962e-05,55.50981462622313,333.8072081783098
88,1,burst_mode,13357.105115962977,8.82652661465224,1639.2475792647444,-17.817410291479035,4.0761258359384435e-06,72.73716442049688,29.234534025157465
88,2,burst_mode,4304.592516939373,9.129149560456804,441.43917613439925,16.339852594642807,-1.1073866107401278e-05,70.3860243439017,269.2782601544545
88,3,frequency_hopping,14655.905464030027,14.715671470721864,991.3513320841992,-31.839392342005354,-1.2385727131741602e-05,74.30713634436205,439.71305637176073
88,4,jittered_pri,12314.965282275152,11.318622631890037,4023.890659865429,-11.913625669474968,-5.127858628967338e-06,62.80454431738995,157.19559900028122
88,5,burst_mode,6956.82491827866,18.49628287704147,566.9346505262447,-3.8425241050014733,1.7042619805105806e-05,50.649114321648725,95.00840727364972
88,6,jittered_pri,2176.9098771120384,18.867608029862897,2836.815372767077,24.815730768230964,-1.9943868552779908e-05,73.76869998745823,226.430165456454
88,7,frequency_agile,5776.467913684914,18.06360231750005,1962.1612062600864,-62.47197639444831,-1.76582909109103e-05,44.1265963931515,567.2582782852032
89,0,staggered_pri,5110.180640198047,12.08744750498748,2473.5238759084737,-60.5018045334775,-1.9458206200515066e-05,67.77354564105453,692.7547559813065
89,1,frequency_hopping,17119.87935167738,4.102094366417462,592.6424277900061,-20.961452091249782,-1.7826066364845614e-05,60.93311860959298,560.6908563658735
89,2,burst_mode,12466.695836887113,16.96267832412768,4445.729103122935,-1.8324879839138788,7.904911548167624e-06,63.9609587824089,619.8026936337144
89,3,fixed_pri,16488.694640769285,1.3984340032144722,3561.1990239638612,-58.71000859898375,-4.6827387232507633e-07,35.28265774917112,755.5884345013939
89,4,frequency_hopping,2425.078275897286,6.469779253093475,4050.368360232173,36.144815571707326,-1.5725223019613115e-05,31.209764117683825,404.8805615443854
89,5,frequency_agile,15720.41147777754,14.432552095385677,2766.886206905785,-17.267834673163485,-7.926125033746391e-06,44.34719592705377,130.15478797682954
89,6,frequency_hopping,10393.935508527635,7.377584648296913,313.8168002033814,-73.88985356405112,1.6813436221973243e-05,54.65029031606801,406.5655852430688
89,7,burst_mode,4546.491370062418,5.805937520044256,2426.8831830341246,-41.41300627678568,9.800721021255465e-06,45.98244702301245,644.4366412292161
89,8,frequency_hopping,3888.886173258729,14.523085953249732,3179.2180088346527,34.6062540931928,9.110693497989072e-06,62.53689623377704,410.6554160034622
89,9,frequency_hopping,16742.72154913112,15.633561638637854,4108.056065391088,43.154259024847775,-1.9875027286620895e-05,45.29358939547929,538.2759790965517
89,10,frequency_agile,10827.754614089432,19.825392498798504,4792.9928394858225,-15.308588092976038,4.908999678041415e-06,43.767561065407584,521.1224929001272
89,11,frequency_hopping,17660.08618736994,13.434451086534082,3744.039838427545,-54.17589510855709,-1.60503187975224e-05,67.08757237918891,62.753030018772
90,0,frequency_agile,12501.405871569797,16.19095688752745,4798.379438225473,-64.31029360669234,-1.907756401588781e-05,43.64723733599146,241.0481113366546
90,1,staggered_pri,1832.786743224338,11.726685451319222,4063.2359702507047,11.518934327556906,-1.9492595061454493e-05,41.39878886917246,511.63084479560507
90,2,burst_mode,5227.7270027228515,17.326694741141914,4079.488569888718,73.63486346898407,9.957808557998007e-06,41.0454249755451,33.641064099784444
90,3,frequency_hopping,7540.937541954468,4.520649201331056,4527.165702876106,33.774023378438045,-3.826129391018892e-06,59.40783362204824,450.97760888060526
90,4,staggered_pri,4780.193686438008,4.053591421542832,2501.470778742521,-61.423715903512445,-1.4571799927527082e-05,52.00488861633306,603.2539238432804
90,5,frequency_agile,13245.612700510805,9.500725206335227,2022.0701824556986,40.62127597856835,-1.677472918806554e-05,31.389247898066653,817.7559871840471
90,6,frequency_hopping,11826.566830815626,2.6949411730295165,1612.0192199288958,-55.36689335805647,1.2273337171826001e-05,53.57740710967138,841.8408558574478
91,0,staggered_pri,16128.87564212177,4.7591539389285344,2307.0457036285197,9.77502981247197,7.021238125036741e-06,44.48730790201598,851.828052369474
91,1,burst_mode,5130.601445038863,18.592113662467444,3178.8314071467016,37.685118418240876,-6.303301071607073e-06,32.835441776226375,9.956857505082816
91,2,burst_mode,14568.750509041787,12.77312166092525,2967.756033255004,-13.747003585783546,3.08320755543615e-06,37.84790411592924,160.63562949170117
91,3,burst_mode,7249.171752219421,16.900042449997326,4732.172648675286,50.079034432653486,1.8287578823040665e-05,37.53779117314876,576.1739684825277
91,4,burst_mode,16844.79215736183,8.417987121954742,3679.0424103488067,7.522231385217509,1.6652538143290054e-05,47.425364824948325,671.4745180475614
91,5,burst_mode,17449.599535051937,3.6008929827953384,1771.2260674313961,-31.390698697537204,7.426506766822841e-07,25.842255029857615,818.00857003184
92,0,burst_mode,1607.9860632940686,19.808384605698844,4811.373071446157,-26.60004548450921,7.348858738185682e-06,45.64941246919531,133.52289128860136
92,1,frequency_agile,6252.568297868697,12.82161713074691,3900.879038155711,72.50020732273472,1.8205606179451838e-05,63.74116651662226,207.09169761262805
92,2,staggered_pri,13696.676030791827,11.344626396875096,261.2594515916014,26.691308331180878,-1.8201132232164767e-05,50.08105588441964,658.3496974662636
92,3,frequency_hopping,8537.788051665051,11.415381654879242,4081.030762867553,46.28188032874961,-9.349748110100045e-06,33.397680688264,298.23477067191266
92,4,frequency_hopping,6423.731371250797,2.060755934573254,2141.2221820373147,-4.581979900750412,1.2924006898684224e-05,67.55202603360146,594.8510321536634
92,5,burst_mode,5372.227859179043,7.837219774780231,4635.989490711011,77.65108639315349,1.7567025736877507e-05,26.808536192114296,125.56391769032447
92,6,frequency_agile,1982.43414897723,17.50602001600094,4981.637405936378,53.63286877589894,1.8579830570629047e-05,39.43227017174443,274.3842675425662
92,7,burst_mode,10344.537935068105,9.574196128081097,1950.067596023836,10.681692639454894,-1.648123245804819e-05,35.117960056856674,186.39098142722435
92,8,burst_mode,15670.658877849339,8.50921421483551,3125.5594008498815,32.50125583514772,1.7141823516194352e-05,54.346089320326534,534.1130496422336
92,9,frequency_hopping,16125.861012050907,4.088763343576494,3062.4590547818943,-37.00021113230548,-9.122141383777324e-07,69.50059037654935,849.9381992782381
92,10,frequency_agile,13764.316024900878,1.794632480887353,3904.3521493426274,19.513247697698546,-1.457128460117431e-05,67.94419936651046,209.9536654321997
93,0,burst_mode,15220.781421224792,1.7075819540967014,4635.26210900223,58.355308482995724,1.1165907447653128e-05,73.53596727139939,108.3692590590841
93,1,staggered_pri,11289.09391463214,19.187639264080246,1402.8750691788885,72.40179900226454,-1.3986403646813861e-05,56.23439966894412,579.6714962591155
93,2,jittered_pri,6999.046981365039,15.890135377630592,1656.027363868029,34.01934348023957,2.6323165907709343e-06,28.60597385446067,714.147037989071
93,3,frequency_agile,17944.833236994735,0.5112072738882962,4937.088245372482,29.602776752505946,1.773939302236158e-05,46.023497684527754,625.0536915166294
93,4,frequency_hopping,11723.987701183232,8.171380192522962,1800.6848093545132,24.142324862821738,-1.2998793558504437e-05,28.13624214343332,578.018941340303
93,5,jittered_pri,10299.351730460621,8.151958456300488,4063.0531277296886,-19.930146117194347,5.5347673593327414e-06,37.9377133661508,90.0138587022176
93,6,fixed_pri,13747.393074849773,13.806438157729652,3751.9921650493543,-27.229965610084136,-1.714347021851317e-05,41.60818324308404,75.14150548583125
93,7,jittered_pri,7021.806298973921,11.621768449550173,945.5000025296345,-0.5921466416656784,1.724581011445381e-05,54.9081335738571,319.2692054489538
94,0,frequency_agile,10285.69355346035,19.944230328588134,4229.12263086987,-7.67313477094261,-2.6916661299593574e-06,28.82331188074376,603.0687404045715
94,1,staggered_pri,8514.997999169798,12.817629979852047,706.2142320555386,-33.74994769181832,1.9382783130921285e-05,59.349563886792964,846.4139208308993
94,2,frequency_agile,10184.693608789157,18.71882920263909,2532.94897215903,13.571659225103986,-1.1978265304482428e-05,62.853638207113285,875.4596197061531
94,3,fixed_pri,12379.138119936179,6.034905032547435,3882.8383547688704,7.351187772672176,7.170957849032567e-08,36.322111527918494,618.2330453314928
94,4,staggered_pri,15515.925777458973,3.225756912044127,3594.3168169058986,-4.376403500929854,1.0623169196641235e-05,41.80212833835036,189.87038434332734
94,5,frequency_agile,16569.111197714912,7.193682208699378,4223.924608513347,71.5603954857412,6.0154981931663665e-06,32.36898384298934,26.600421429864806
94,6,frequency_hopping,16127.54494432391,4.457205303889962,1579.9225802408453,33.85805305441397,1.681270899480589e-05,51.39661154373404,573.7665126737229
94,7,jittered_pri,12985.178041194918,17.596304932194684,4086.6643987543707,-2.992384624840952,-1.143529473540264e-05,62.24889561679899,397.5303309897398
94,8,jittered_pri,12050.504142952701,18.304925867061886,1825.9855426977704,-36.20670608891204,1.858476437276298e-05,64.13674310596352,719.1866887245365
94,9,burst_mode,15736.96546019458,17.87263529229209,3689.6339771466446,-42.87403951828143,-8.687942288229459e-06,37.366599341575636,636.0333492472843
94,10,frequency_hopping,5350.256967499645,5.565491002114469,3091.040849118236,38.90397443056649,-9.465249222010327e-06,47.325918643324485,405.44587815481447
94,11,frequency_hopping,7207.235669429273,8.74121231443569,966.9672092116836,-30.810545964600102,-1.64407710872424e-05,39.70954153945277,898.4376722411612
95,0,frequency_agile,1250.069781193424,5.209083995379174,3696.016172267628,-66.77932303085706,1.18644358093828e-05,63.169230444750426,846.6726755266857
95,1,frequency_hopping,11639.49179027447,12.234256620689195,2066.645402688171,67.42970108501174,-1.0537858133316563e-05,35.77986069415036,286.259737651912
95,2,fixed_pri,10392.548673012216,1.1977460458128935,4421.494489751796,-14.50441949897781,-1.8533026052478077e-05,67.20981696514507,161.0080770585323
95,3,frequency_agile,16281.152849408729,13.034374685334697,493.2744141474888,-70.90418207588705,8.119202085806407e-06,44.41943887307543,417.18427264357825
95,4,burst_mode,4020.7588756729137,8.173457847270775,1031.4902220517506,5.420385373756105,1.254668545541373e-05,33.99371014069794,280.8941196478409
95,5,staggered_pri,10421.854629781294,4.336225479730013,3592.928322808667,31.424073575450933,1.3510393200531306e-05,30.23381419705912,252.55392968935075
95,6,fixed_pri,9194.816063716615,13.077662486154809,4044.613357023417,22.33966550859357,-1.6376564482157374e-05,50.26714095003459,713.1419372192413
95,7,staggered_pri,6534.039556402583,14.354993835585336,3092.6472285194277,-57.512449927069,1.454246723248015e-05,66.63481081876984,843.0818231719913
95,8,jittered_pri,15917.686288628742,7.53992579612663,4462.163165714578,-31.420717510366586,1.896937699107811e-05,56.08588182249285,7.377756114099398
95,9,staggered_pri,16254.717922508598,1.3928014794004326,4548.781838104429,38.76850673899162,-1.7592073724473626e-05,29.04078239620894,6.0560366995933705
95,10,fixed_pri,14053.157820432401,15.254457213574897,3726.369190445821,10.409910952628195,1.8649684341028107e-05,32.12579762101242,863.0063790884539
95,11,frequency_agile,3478.71722551863,2.648765264097974,1708.6789337798623,68.7440985740889,-3.0063163264114366e-06,35.476522692574676,270.506772904552
96,0,burst_mode,8549.212934177318,13.419085754048576,499.6602295518103,65.93215096610933,-1.2361044032046964e-05,27.212986338369653,358.0687430672122
96,1,burst_mode,1270.223210212066,15.020342458753802,279.5723025844274,36.925571401146584,2.8747852546735107e-06,73.19758440247602,598.5564833250813
96,2,staggered_pri,9744.879147380814,4.158698046625154,4539.237691746366,-11.550727773014628,-1.099128926239779e-05,34.11491391993132,374.0138013451055
96,3,frequency_agile,11277.201262298631,1.0335370274098703,3348.300025727338,-13.157434887917447,-1.9856377154221005e-05,67.29874150915411,136.84407651837074
96,4,frequency_hopping,16005.743664061578,0.6096615264572132,3433.2382970013405,-62.40091609993571,1.2337458560452858e-05,69.96648395926549,543.6951827795015
96,5,fixed_pri,14494.707684870442,16.707776926241905,2020.2848467841557,-47.13671459743374,1.6621271454408816e-05,25.274195063118977,334.4502906292137
96,6,burst_mode,5818.377345819673,7.980271637352292,1957.270908823503,74.65299366428485,-1.1415730960264995e-05,61.717054450998496,620.664617563651
96,7,frequency_hopping,5344.196683994246,16.67951300089455,4515.233603891318,46.445717649727214,-5.462439989343468e-06,64.74815429346242,642.2221871775798
96,8,staggered_pri,2771.9785969876284,14.760797674165472,278.0215297341967,78.03861524024973,-1.8331607483841955e-06,50.166292743259234,831.0787270072786
96,9,burst_mode,2779.723258655339,19.30470582409289,4899.201438977211,-11.852187816820305,1.3444419469213937e-08,27.087460447792424,380.24349418215274
96,10,frequency_agile,1621.2219701117724,14.887895425247073,3408.632606163356,78.09672441723674,8.621594228198376e-06,73.80052794890993,205.48286919593068
96,11,jittered_pri,4124.621508849601,4.768781214162983,1363.7167622420554,30.76418635538093,-1.3884675807447727e-05,30.69310772716282,844.9748847874333
97,0,staggered_pri,11253.451567565508,10.563592442983177,2930.7933782733267,32.00272784811965,1.5493106279329235e-05,56.94294488372405,691.2822459205078
97,1,staggered_pri,2322.499962244805,7.600627714302275,3579.015812614027,-4.434337423370366,-1.3381911288298799e-05,50.10367881989864,404.7347608100279
97,2,staggered_pri,6183.093989622624,13.52641222793461,3919.608624994062,-9.102243754786286,9.386051526993255e-06,32.49031659908854,18.02735826231241
97,3,fixed_pri,17640.91628710366,19.029481068439,3413.995518502054,73.29392771533341,-6.436547555514199e-08,30.841350700105007,146.2768844238464
97,4,frequency_agile,3360.8356837855194,4.218303291166686,2742.3971403936107,50.64863410036497,-1.0943945175228637e-05,35.968821435221926,501.00885087103535
97,5,frequency_agile,11773.779781740548,16.513218085287708,3490.150416956624,-50.68116332169115,4.090299091570548e-06,36.614632164797214,866.3991264975011
97,6,staggered_pri,2621.9097795722723,15.103231251756101,4697.234675629171,0.573560706671671,5.656704729443982e-06,42.71813512653652,653.8750345869404
97,7,burst_mode,10782.743861972174,11.650927790272156,3063.4503184696673,-24.833304907741095,1.3336822473771034e-05,73.69797632157056,35.761773292664664
97,8,staggered_pri,13274.575675652724,11.705180172763013,4232.966234847454,-68.45651025783069,-1.1024344311795798e-05,67.69067949965049,325.68018972468525
97,9,frequency_agile,11522.978872738217,0.973719025041459,1245.847980486398,39.82536066372194,-1.1999163449060398e-05,63.15869866336566,674.6391148602986
97,10,burst_mode,1893.386875789666,11.83856841165803,1745.9806395232085,-68.57417900133967,6.734963265971277e-06,31.857267238200826,19.479200112062234
98,0,frequency_agile,6410.380329120324,14.329714565022933,2095.800665274538,29.697874352046085,2.047374828770462e-06,36.633853420204005,323.5765944085462
98,1,burst_mode,11370.2162817654,8.83175214219502,507.3302003685548,-20.075256427264634,1.162186722275714e-05,73.5180528887033,444.6934637235126
98,2,frequency_hopping,6959.709047428104,8.808722460579473,2644.296494468552,7.477831335803245,-8.5999887800305e-06,73.74289631627148,550.399621391014
98,3,staggered_pri,16248.353686545532,10.927791393001232,816.7517338469931,13.184568687917647,-1.546133369205315e-05,50.385402038081935,845.3483712261946
98,4,frequency_hopping,11266.784866221833,4.446417045799333,159.80445254818613,12.61297030776322,1.3805467103330432e-05,60.18333577405253,567.2336713996415
98,5,jittered_pri,15036.696108121714,3.812473580235964,1527.202057573468,47.65202976518928,-1.95653658269418e-05,42.66481217330953,199.29897404828412
98,6,frequency_hopping,9329.804206565987,11.616222206230015,515.3868913953559,-68.65550328800845,1.2523084440731553e-05,59.681287397354936,717.565575345355
98,7,frequency_agile,5295.6955394837605,1.8778970916143969,2136.453306032285,-5.869433502858158,1.472317698050249e-05,74.57004326050321,791.8351176744018
98,8,fixed_pri,8898.00813458109,8.936169206660052,4714.109338370083,16.47926562760304,-1.3242417423215218e-05,34.41301872219124,228.1179240289231
98,9,staggered_pri,1100.7776705318547,6.284930622597174,651.1215542932803,-14.005541636979473,9.979992184858118e-06,71.53964552702537,174.77022899363863
98,10,staggered_pri,9360.459039158812,18.170723731534437,4541.484785977569,-12.851612558686242,-6.288473774179573e-06,51.075398554827615,152.39944251331607
98,11,frequency_agile,14394.76349585166,11.42191233041338,4377.157205816674,-71.7014386386734,1.3181398859738408e-05,69.53900105100601,395.3876851611879
98,12,fixed_pri,15069.646689474737,1.51707420843295,415.335381629555,74.14914126619414,-7.818817052561186e-06,25.319462459678494,177.14808195723967
98,13,frequency_hopping,16541.836260450153,14.696739213477494,1037.6344613390147,-23.191242168254703,-9.467667588199845e-07,64.04430815979342,170.52195115938517
99,0,frequency_agile,10926.403492870779,14.275386019200797,2705.7024132344472,-11.085921044838173,9.091161680938662e-06,46.00685617143859,677.8296529745024
99,1,frequency_agile,3556.4185659174623,5.0239074007735,4237.976686106736,25.051428443499063,-5.541299648266271e-06,69.13955334978886,570.2034245021629
99,2,burst_mode,17073.56211950492,7.010399824124222,631.0112411723046,-39.98781378431968,-1.668600345426118e-05,58.069524586193985,510.81243691282054
99,3,staggered_pri,7894.647127937627,8.7271147822729,1883.724911743025,71.50810061055691,-1.6368152316607365e-05,35.31296005190232,140.60077359259262
99,4,frequency_hopping,6043.911114552818,8.38584396791352,4230.741695116949,-42.116267867801355,-3.7730579137518777e-06,54.931007323306545,899.7402795945003
100,0,frequency_agile,17128.851219589524,19.66425788166515,338.2079932715367,-25.045253150567568,9.581449742447038e-06,43.79121790727812,191.54706814781497
100,1,burst_mode,17483.4595740981,19.82406290473041,3073.357178281117,56.79971906783254,-8.68430225605251e-06,68.90824317069581,739.0948429491314
100,2,staggered_pri,9434.002587252593,16.329244975615822,1237.808263571578,45.84920704323034,-1.1956187285432024e-05,66.42138506394885,876.1858383858264
100,3,staggered_pri,10264.092917675142,5.199982943389067,2294.6249477831116,10.758675207469167,-1.6824376896366015e-05,50.34291207064467,204.9678985940645
100,4,staggered_pri,2912.6826154830815,5.583047349949025,4257.747553883961,-68.87548511434443,1.1045931317713944e-05,66.9692315645909,295.12106027120404
100,5,frequency_hopping,3531.1519797948204,9.103672700018766,786.4131386033085,22.606865405142983,4.40334476855199e-06,70.84687771284365,893.5772179101978
100,6,staggered_pri,12264.328098559738,6.755935079948666,2377.324767159733,-63.234141172691416,-1.5893537173125092e-05,65.0088379783154,600.449528716204
100,7,burst_mode,14230.644104962763,10.953062819322675,3731.5234998995834,-63.91470106682684,-1.3453427588133843e-05,70.76664736353408,489.05752176554665
101,0,fixed_pri,5366.909926737834,18.28346058994704,2143.161994516382,-19.539223043628397,1.797489163693614e-06,61.94130534365312,875.5654322954613
101,1,burst_mode,10079.523486750466,6.782961182201548,1255.0603366851512,-62.50993716945164,-4.481584228071293e-06,43.78231041432392,321.71738593756095
101,2,staggered_pri,11624.140656414504,11.29431953128322,2260.3622293217086,-18.609626759508075,-1.2899816079686537e-05,26.49415480499668,786.613567866478
101,3,jittered_pri,16952.589211334664,8.832139469498284,2393.6356954565013,30.173015418562017,-3.369380565613251e-06,51.26227976402912,247.499955458782
101,4,staggered_pri,14447.062698893238,18.611968563687302,3634.119440188937,-77.20493565067511,-5.459773632326459e-06,52.77958314991894,102.55522090796991
101,5,burst_mode,3015.161216966776,4.9145868731415465,2050.051301435305,-23.468677167928114,1.6283015772422454e-05,45.53441266471542,85.0052878167072
101,6,frequency_agile,13878.11967331008,12.812474083362762,262.61920293626974,76.91497251250576,-1.0012168024903586e-05,74.30203727488303,791.7011107797643
102,0,burst_mode,6269.805396236815,6.261230065474748,3435.5577816221476,-29.554514962190254,-8.279809997320641e-07,53.72217712197133,473.81500217911196
102,1,frequency_hopping,14957.70204049919,3.951885013279886,209.99296454881573,45.985412484961046,6.367221673321394e-06,73.59361920773924,91.54015235102457
102,2,staggered_pri,4456.239940643583,19.688170906178687,3713.5860131507616,18.70972060192284,8.151128137848633e-06,44.61460878225226,604.1411465379556
102,3,fixed_pri,9243.818022748776,15.42243192607706,3323.98959911247,-6.873609860751898,1.0142629779777907e-06,34.65323559471088,117.15198983198238
102,4,frequency_agile,9005.692606778142,13.364079167840007,4904.473065049546,-61.54076754566024,-1.918207146936675e-05,73.66441155637742,412.48521503000535
102,5,fixed_pri,5213.499506131716,14.84977274773234,4903.718995131588,72.59408031207875,-1.708325653867779e-05,56.160242994428344,111.47812540838078
102,6,staggered_pri,10114.549813414455,10.843863715839815,1473.0325403094444,22.435285460848092,-5.6203933377626925e-06,29.82995250931502,461.99039547898565
102,7,jittered_pri,15250.768818077113,14.11422354450731,645.8010878698715,-47.803508089501356,-9.958187766812375e-07,65.27387242773398,99.43849825405377
102,8,frequency_hopping,6137.0193098327745,2.6886315782422114,1247.6407646284827,-63.817724606540565,1.971093699822007e-05,74.37565899717623,12.603254729496827
102,9,frequency_agile,8835.192551614222,4.364252845047137,107.5104774319415,41.16322582932756,1.2422558675561278e-05,53.068937113614496,857.939750472435
103,0,frequency_agile,13856.874831491283,12.340565782482699,385.6200386178727,10.179700501852608,-1.5595214833534086e-05,32.327056047554144,399.8603801976431
103,1,burst_mode,4863.5894898617125,16.65510780953373,3491.3843681199082,64.35749849316727,-1.0027669863015123e-05,41.77465706162546,364.96515001926167
103,2,staggered_pri,2758.95665843986,12.97729617319326,590.3772802061418,-68.20485432896915,-1.1166529080455213e-05,28.990619986810305,20.506437573108794
103,3,frequency_hopping,1968.274424052412,5.674582057368751,3024.642843858504,7.202484689735172,-1.0105112332930051e-05,29.15515740794813,856.6467039171348
103,4,frequency_agile,1027.562347281364,14.75869560969631,1439.4462482320257,79.97973084744618,-1.4882418441342327e-05,62.02176176928288,708.2167581342162
103,5,jittered_pri,7810.706345312913,17.37478880751444,3286.3120829670406,-21.20369209413093,1.3745676189056104e-05,34.04336803334138,240.9304564247986
103,6,jittered_pri,17781.02957213235,6.377352483598621,4477.104831511306,32.762222054743376,-1.3280366475146131e-05,29.43798142063553,120.6546188700094
103,7,jittered_pri,3499.46544212341,8.38837145939507,1835.1014366126121,31.83852206862983,7.172289877239595e-06,58.35006798263491,764.1945099987527
103,8,frequency_hopping,7117.907668644279,3.0435004367061476,1455.909026101949,-48.88539154301046,1.2419968460014458e-06,66.88772110134856,305.0978146960535
103,9,frequency_hopping,9708.85865102894,7.465423670972217,1169.767500808999,-50.43744052753114,-1.1504439950806204e-05,64.43585012456344,725.7316937850968
104,0,jittered_pri,9657.32829742845,10.573883746411866,4110.443368048187,-75.87161816578616,6.696217570629568e-06,53.42861335053465,657.3006613227348
104,1,burst_mode,10174.84740344885,15.419183020204652,2251.6013144514245,-76.72924620025111,-7.872010895020556e-06,33.84974238897705,323.87368381456264
104,2,burst_mode,4362.1643008702085,13.010882885073585,3785.786559250446,-27.019543360813913,-1.9412724470077634e-05,43.815152739482514,458.6977615196454
104,3,fixed_pri,12727.375248601324,17.140044534011558,3279.8112804865655,-7.271004209786582,-1.3294015037453177e-05,56.86769682827163,172.84740584329813
104,4,staggered_pri,12879.06295375883,0.7525569380308933,2260.794757000665,37.457563535655666,-6.198156711223688e-06,53.601423936633836,337.8045871119708
104,5,fixed_pri,14273.997477865045,16.132436474726795,2287.9904996162754,52.15625930180886,1.1276835073362865e-05,63.838509945811985,192.09517367422495
104,6,frequency_agile,7023.550520423412,16.148079304865053,1858.5993500077477,-52.216490169172985,5.136471724232955e-06,53.51534566962107,363.97691176238607
104,7,staggered_pri,7518.008718008252,4.350458051972308,1256.1476918845535,71.88769229713066,-1.3648198857038745e-05,29.275044538395797,282.378704250109
104,8,frequency_agile,17548.489948522434,3.6964736773305225,473.62687011755924,64.32421625561278,-7.160788795405186e-06,25.628260246334776,558.1725245636584
104,9,frequency_hopping,14032.598679060311,14.67829927115053,3373.351111952743,-69.92957417415154,1.4236829631928864e-05,46.67654390319487,491.57838573612145
105,0,frequency_agile,12984.097855559583,8.209090569816166,2295.4631114459094,76.86686931388513,-1.2695383876519283e-05,43.84991757266001,487.3539679455137
105,1,frequency_agile,17969.91068792801,2.928353628937369,3333.125389106042,-64.2641775940788,-8.015997454395123e-06,39.044236138513895,727.8575440573629
105,2,frequency_agile,5701.730660201633,19.31028301227095,160.7316378726874,22.310129377479853,-2.6598552613101707e-06,34.407963350696136,140.5736225082817
105,3,jittered_pri,9413.17890713088,5.496577046771549,2490.5290825186626,66.30158817496496,1.2227876697045662e-05,52.666277472576205,667.9278177292434
105,4,jittered_pri,5827.7875019638495,14.302042955784092,2900.1591147920317,-40.929180100382055,-1.998115356841352e-05,63.95806727636702,600.6570705966292
105,5,staggered_pri,4602.876755432981,1.5080549497171596,1926.2499145978268,69.77941573734063,1.723044284599784e-05,54.58740587178622,471.4168678443065
105,6,burst_mode,2105.941566252991,10.158011184076784,3338.1595269651257,48.10396880631771,-1.7053809926236664e-05,32.62121805327514,39.00984949960032
105,7,staggered_pri,16345.453313999418,11.871008468700941,251.63616507441952,-48.78565031588019,1.455997909152099e-05,72.2868711207594,215.36584621878367
105,8,jittered_pri,17005.185631860477,10.28038089782756,3175.5178851950864,6.598492775627562,1.937887505268351e-05,53.99472511450571,185.35653764968094
105,9,fixed_pri,13330.80838495889,3.469479036118291,530.272467653652,64.70427762924237,1.9855051696597675e-05,32.49671993988534,18.482916775018275
105,10,jittered_pri,6489.614698116459,4.082917845301371,391.1261061840044,-29.264546515396503,-1.7372652527865524e-05,65.23265985869551,769.0023861783596
105,11,fixed_pri,12225.975787030777,18.344885816310647,4000.049566179471,-40.73878831907328,-2.6994696720380634e-06,67.77256491762081,694.7140802158449
105,12,jittered_pri,9452.049414423756,12.329395797814504,2652.336980721715,1.6040452644975574,-5.427747400332605e-06,45.988569674019715,670.7105176487236
105,13,frequency_hopping,3927.3638707536566,2.8301870536234177,522.8797319586374,64.76922090548447,-1.2232613674232843e-05,66.87483217199816,3.8394912060185304
106,0,fixed_pri,15128.095807579542,15.031407337336264,3403.215623797407,28.397217375557148,-1.5924958073378104e-06,46.66602919208705,446.931321979019
106,1,staggered_pri,15779.02861720412,10.276119666162991,2300.344385364228,8.618151630216971,1.942765881466539e-05,30.64342042974116,801.9548459866335
106,2,burst_mode,13437.755547223827,8.734303681876758,3294.68194393041,-8.024281202804275,1.4121868856483992e-05,51.68512879667864,235.66072153577502
106,3,burst_mode,15099.958175027188,1.728671784616085,128.7095201881902,-45.202878506212244,1.0832423028833186e-05,54.749962904690065,70.13905247043635
106,4,staggered_pri,17911.93273598655,16.83136858653274,983.008875949781,73.30947750683421,1.9279101441791185e-05,55.09308150764471,424.58606863801054
106,5,frequency_agile,14635.690783114436,6.892836268422618,2772.46441533791,-37.31603145973389,-1.9559920655203516e-05,48.23177592591891,616.0303185878174
106,6,burst_mode,7791.045047918151,6.454898097955866,2447.851768425404,-43.87423059855409,1.1335267312514594e-05,51.91539141018032,728.1607744966715
106,7,frequency_hopping,11206.584064257691,16.627907389432487,303.74895455473484,-16.84784830204105,-6.482512308572775e-06,50.74044751387922,661.6497511489117
107,0,frequency_agile,6736.215985759952,12.950484707131013,2593.330097395502,0.6382595171616856,-5.976914133148543e-07,59.680709690372616,791.6115381419477
107,1,jittered_pri,16402.039494182216,1.6115057525250835,2684.805284335133,61.083801704932256,1.9781748129466975e-05,27.393851290790302,108.98328029687025
107,2,frequency_hopping,16475.605177931073,17.780846799878248,1866.9102107672634,69.137802512326,7.436415299902738e-06,71.19104174099067,597.8722901935064
107,3,burst_mode,10554.036646390407,12.063777454591504,1195.2106069489216,-7.474037520812971,-1.964406970934837e-05,29.076030288028786,477.56689992347145
107,4,burst_mode,1981.5399516800048,15.595176337615467,1834.024672032404,-57.15821702167869,1.0467420403166702e-05,36.195957218510905,689.7997699412588
107,5,frequency_hopping,15809.549990134363,11.32853808727621,955.7858482565683,-53.39154307989883,-1.6248867410015137e-05,30.26085327829744,165.39521164164591
108,0,staggered_pri,15019.075030555718,3.3223890687040174,1409.9626146801884,-56.69570618435767,8.30723695236602e-06,52.71893777953731,569.5949146320461
108,1,burst_mode,3252.588042036244,18.813586360302363,4745.727880765441,39.14607332503874,-1.3299939846032789e-05,57.690001412467744,701.0152122269737
108,2,frequency_agile,3366.3095331028,7.486188872203955,548.7028825979575,-71.90467651743552,5.198875660344365e-06,68.42412762374524,855.2571964623658
108,3,fixed_pri,16024.76410677929,10.570782707304424,2236.942469867844,74.49051183189633,-6.333489860084884e-06,42.54148760096045,334.1921576993609
108,4,fixed_pri,8670.250398987126,7.832589230379822,1864.5243713799964,6.154616990700305,-4.008984802514967e-06,48.53891392702816,844.9868529106229
108,5,frequency_agile,5342.714866920258,15.726416312611159,633.0318802515907,-67.20922386739633,5.374968548749998e-06,46.12491074716615,166.67572117733795
109,0,burst_mode,6433.626213112742,6.363858888634582,2535.123816148717,-1.1129080675505776,6.34220405036755e-06,47.98019118015525,899.9669087309545
109,1,fixed_pri,6819.46964585075,10.286487171860264,1318.3935602871657,-70.35148655576712,1.9323740033562114e-05,34.693921229651565,270.57186751874104
109,2,burst_mode,8274.672183904888,2.9412440040922156,1724.7179878964937,69.65151379356595,-2.3685455990977563e-06,51.61049019312147,489.9066362363156
109,3,jittered_pri,6662.304257743308,7.508714915732716,122.64804422611736,-61.76828398465885,1.860377566566536e-05,63.071193838167176,437.40392300260316
109,4,burst_mode,1969.5107351506304,7.8474719877644254,1402.5870304785244,66.78611891286684,1.1514345291223225e-06,37.32617990192942,241.35092003403307
109,5,jittered_pri,5599.9475192153595,10.26506669984151,906.7898792385731,79.74714800864965,5.533386462018006e-06,47.694040944837326,401.20388820655864
109,6,fixed_pri,12366.843193358729,13.111622296831422,3786.2642621028212,-75.07828758046668,-6.035498963104958e-06,35.49670064339379,631.3152673276235
109,7,staggered_pri,4627.570905698431,13.94781837691658,2062.4080565180398,-73.6711935630868,-1.2594637682136023e-05,25.688626090823956,348.2401693408242
109,8,fixed_pri,10144.724787925088,18.675709610177652,3639.818664597667,61.77588598177471,-6.058104846236284e-06,51.290695541335566,104.96839335430364
109,9,jittered_pri,16668.657337972993,12.514026076605168,823.6866948139807,-24.91886971609928,1.8862766376731668e-05,26.007393973693798,728.2715599163365
110,0,fixed_pri,2685.65121713417,17.517959162811103,1867.773643468501,77.5955791128822,1.9829316455384276e-05,46.00034757823359,512.5117414997762
110,1,burst_mode,4580.880983591867,3.7259231639284143,4025.2020825569966,28.75982499443228,7.571775944743516e-06,50.342591312616065,66.73415479218401
110,2,jittered_pri,10979.550497971079,6.381134373083726,3332.607962474791,-27.21559297719711,-1.7859513700564545e-05,73.12945136996984,337.8625537735241
110,3,frequency_agile,4515.552645292183,16.83070788641648,4974.008098860116,32.24451221088353,-1.2109769678607263e-05,65.99355777359361,300.05832438877826
110,4,jittered_pri,15434.058630672003,12.076674796413178,2874.313377925584,41.1550692966797,1.1682473223915035e-05,60.638109668615165,701.314695119194
110,5,staggered_pri,3551.527852097366,4.463682063583759,1794.4490839043103,37.41023239966421,1.5258504209090602e-05,30.6693441821207,666.1365046373664
110,6,burst_mode,12082.150887364833,0.5980235269876981,3650.9465076812503,18.031540788841056,1.0187680798071149e-05,44.571105183423605,747.9330288310373
110,7,burst_mode,17516.89574228951,18.282110001999975,2052.6218896043033,-38.33693111942493,1.263857296528342e-05,55.87507079130273,681.6881605969118
110,8,frequency_hopping,7099.97997048755,14.445842149141685,2579.606951852331,23.212399681935523,1.3950588322008823e-05,26.39033591793955,444.92570949652287
110,9,fixed_pri,7374.1432269408215,13.217009962864962,4800.28157369248,-68.96318304577449,1.140399038217032e-05,40.65433148829129,466.35200651885987
110,10,frequency_hopping,4134.86105900138,2.495113556749395,1379.0638704083076,-55.34796342911161,-5.1063201244821255e-06,60.60191219566379,223.22704583090385
110,11,jittered_pri,3378.298701553939,12.213489891154323,2890.110485101391,-20.324493482403184,-4.0395948751423367e-07,40.46387186039564,896.2764108546855
110,12,burst_mode,8899.06941061841,1.0720798149239605,2497.9334045081564,25.348932690113358,1.3121721066156032e-05,58.40101324498326,11.232345874866589
110,13,frequency_hopping,2575.2046567597363,6.730729657720719,741.1881655608464,37.98737261792057,-1.1690301877677776e-05,58.45624705856724,785.1812410386862
110,14,frequency_agile,1947.383737213558,1.219832970843835,407.54916266311193,-37.82544829774564,6.680636718969128e-06,50.07305632474308,503.41796010122704
111,0,frequency_agile,17045.985605960825,13.180751942740956,2069.503369135616,0.4995556806678536,-1.2910034126177907e-05,38.272757122297136,597.74198616279
111,1,burst_mode,1599.118638276403,9.639596520880337,4945.5938936282955,-29.290244898464422,-5.672872462796979e-06,37.41805862424208,520.6410957465408
111,2,frequency_agile,15224.983807992245,19.639734408537464,1476.6177733522304,-62.299572152131155,-1.9265494237356813e-05,25.16545750850618,732.9611398328751
111,3,staggered_pri,17276.00284912646,0.9616680676263302,1000.7545436165801,-35.9347088319423,1.5326867678630096e-05,61.44891399295761,488.6095068820364
111,4,frequency_hopping,2039.7120709657977,19.371480855870203,3303.726623170349,-32.14795996513347,2.1558458806084764e-06,61.8132606849983,383.93870254237663
111,5,fixed_pri,3146.367633143959,19.959270376698186,2414.2722778653015,8.447313713521808,-2.9959469041893266e-06,70.73495908285935,489.8887272083402
111,6,jittered_pri,13680.310785506077,7.364696578080011,3309.581505055557,-41.20997862864758,-1.0188795521433753e-05,46.71043926691779,822.5887875323449
111,7,frequency_agile,4261.807567532143,16.14822371876275,59.149233756679614,-25.58864296935024,-7.814499874181742e-06,28.754117110792482,154.91270065732473
111,8,burst_mode,14674.613042138233,9.267360974306143,1922.9845134149646,27.310880048552292,-1.8844539501098185e-05,61.66864612994394,242.3449022533959
111,9,staggered_pri,1205.4796346337798,1.3157185809987213,548.2433745526201,30.35612179740518,6.01106084058531e-06,60.85224214863068,678.4269822931368
111,10,frequency_hopping,7726.341914826373,13.58198074079927,1809.5495656161872,-24.45582901046585,1.2554827394675294e-05,67.33571634646731,221.91037796796508
111,11,staggered_pri,13196.840729435404,7.0907196359557725,3294.6741751572063,42.57777900329465,-1.2910970893370295e-06,27.758895558796905,702.7021042706098
111,12,burst_mode,1489.839058388629,15.429154936395777,817.2934352492068,58.60670917112279,1.7335939165404245e-05,49.628141491118434,266.49646281079816
111,13,frequency_agile,3080.859301440531,8.121282200506428,1365.7084299282064,44.19615975875915,-1.93383390291134e-06,45.20285630486862,100.7826460367061
112,0,fixed_pri,1928.5234587823982,11.218335406915267,4055.2130283393776,-66.6415250720995,1.0061722858569162e-05,37.637518350354355,448.78970907801147
112,1,jittered_pri,7611.87823762004,1.1216178510589174,3643.1593220897753,-0.36784880409898335,1.2093980732908131e-05,60.4992997239397,40.15247693064673
112,2,frequency_hopping,2581.75392396824,10.384679056585046,145.4096922561719,-28.193922553586965,9.91876322479426e-06,34.92304956688842,293.20097860631915
112,3,jittered_pri,12703.756738797487,14.839204049355825,4254.086414171635,-49.96118017379647,-3.970106721676307e-06,67.70112540455543,51.25467916413158
112,4,burst_mode,13349.293781656512,11.02458013370621,2510.8566857089772,54.79093525402527,-1.4178101830448232e-05,47.2923030570329,509.9317333837929
112,5,staggered_pri,16770.774314629587,5.327818884518234,1454.5554918604744,2.833500704717352,5.4579186293812855e-06,32.3279597046843,608.9450534812856
112,6,frequency_agile,2393.6781426489392,12.118494645499664,3307.0896741189786,-52.75516615420338,1.1314467177691522e-05,37.35932258901916,884.175441449493
112,7,staggered_pri,3232.856153714548,7.104844153255219,3373.478085258537,-70.27208953668648,-7.274500002963515e-06,31.696173314360465,775.1845263596326
112,8,jittered_pri,5699.871004505421,6.558319189274652,1547.0030886033578,-39.93224635574394,-7.457497386732998e-06,60.95123413084806,234.75935953309977
112,9,fixed_pri,1170.3421609800757,17.614436382159706,3999.033923362134,-59.37196648007067,-1.0711771915811493e-05,36.404861634931024,661.3827530596851
112,10,staggered_pri,13316.460586583702,16.805525319702767,2841.581573382437,-29.699141306824508,-6.327055142914105e-06,38.28224514285367,173.79021499634686
112,11,burst_mode,6351.704710208465,14.954537529743314,455.82396661186584,33.371885443028035,9.499014175114395e-06,48.41436132925094,120.73836036302413
113,0,frequency_agile,10485.530985664329,19.278780712448754,2311.852143805857,-21.521409211782014,5.030739474239076e-06,60.24342344808512,441.83918239346895
113,1,burst_mode,13156.778911030699,4.592076100092195,3250.036621196893,-38.43583050176626,-1.009987818958905e-05,62.485977980017395,74.99564781263174
113,2,frequency_hopping,10520.209121038297,15.68299817456644,1079.5445149842178,-79.9279819117259,-3.444841488511084e-07,71.69244536900598,465.1120295781614
113,3,burst_mode,14730.918472710231,10.130546127911115,4294.398128246575,-24.861637573025384,1.0444928655428693e-05,56.48401511783392,94.64701702089894
113,4,fixed_pri,5370.101233300498,18.556980953658663,233.73474878178817,-37.57716128748997,2.0515270048313297e-06,49.91782056748576,142.81255440710265
113,5,fixed_pri,1367.087064246758,18.003001105370984,4401.988296797254,52.949734341755544,-1.8393917764013947e-05,57.85940946428452,402.63287638379217
113,6,jittered_pri,16241.352007844334,7.826774313367924,1306.865851432246,51.78370557333014,1.8418357414903675e-06,52.573301310469496,137.66361758460093
113,7,jittered_pri,3269.099793284222,13.8094852374539,3253.707451267797,6.14323949525982,-9.01349234778615e-06,49.575540830323874,759.0593635741993
113,8,staggered_pri,15964.636667290384,1.981345400688656,934.3732037705587,62.757547736673274,1.2068304475988818e-05,46.56576763064743,202.90675775440147
113,9,burst_mode,1132.9452193128393,15.852300402223804,218.01519754612406,-69.91081977748466,3.6966876502910316e-06,53.56875747276244,150.591448748742
113,10,jittered_pri,17459.872747968286,19.04491648662044,1427.7353048887214,47.61712571675892,8.891396748856977e-06,61.09462587807557,302.5781081858994
113,11,staggered_pri,9781.770904924235,6.388681811446614,2494.109183098322,-78.14910191212084,-1.3439501904850686e-05,48.864958932090445,376.4264227030674
113,12,frequency_agile,7021.8750529229155,1.2322205810636517,3251.1625231124367,50.31631230094379,1.1940040331461723e-05,50.419181614011734,645.7782908479725
114,0,frequency_agile,7205.684342748358,8.181134955203316,937.8780775171465,-51.280766333438415,-1.1219355019989713e-06,51.99041746641246,872.9682906996851
114,1,jittered_pri,2063.793745063799,4.131892413519441,3590.5284292575666,78.60653817515339,-4.367741371428004e-06,58.50371636666261,541.5538415849774
114,2,burst_mode,12037.251427952233,15.496881595825881,2316.0946465527345,6.413524268048079,8.02469164298844e-06,37.09464702649831,357.9556096258103
114,3,jittered_pri,12524.718596603858,1.6150176914134127,2586.140749333539,69.17288178513925,1.1460262695795508e-05,54.16504468826574,598.7047661042888
114,4,frequency_hopping,9621.886111897798,16.15456328567675,793.9393484235975,50.12253342785701,1.3227390182011423e-06,49.81129605462091,406.01883339276935
114,5,frequency_agile,17382.554093211736,4.282423178639636,1758.7196967956552,70.33563895197443,1.631678970741116e-05,59.20521988773076,831.2963544250515
114,6,staggered_pri,11509.597549375982,12.509404177405704,1409.9235685505826,3.5834756141662893,-1.4931085846995596e-05,56.449207980389744,230.46267036649763
114,7,fixed_pri,11145.304966581165,18.071838337327456,3696.5685420311434,-45.305412544799246,-8.008026570404075e-06,37.90515626762955,303.3204184617795
114,8,jittered_pri,11956.822000783324,10.434452597570145,1840.9783969036894,65.98019213567122,-1.1155991134782544e-05,26.321199525402722,18.70752279712874
114,9,fixed_pri,6015.940036135541,2.359322030293035,2884.9447399939872,-62.15449459077835,-4.775619658302279e-06,67.5668300053774,312.43422608715525
114,10,fixed_pri,11574.412508332853,16.296745065801176,663.1387105816078,-22.0338429169734,-1.1028793981317044e-06,70.25905290039475,216.1280835925683
114,11,frequency_hopping,16810.724648766918,6.483204238411054,3513.1048414361985,-56.26599237910799,8.354776851233876e-06,27.043485400047373,549.2204457196428
114,12,frequency_agile,6948.916588390155,19.94221510004372,2941.3690244036466,7.266581755897533,5.5040746092823145e-06,26.798779966516694,175.56266630152572
115,0,staggered_pri,5347.280007499566,13.952445142993458,4299.746943584255,-18.6237417901447,-9.954361207996364e-06,55.14489869554272,489.13706312480576
115,1,frequency_hopping,9986.079714785825,6.9641782293668,3949.9584155814046,9.71777444400567,-1.1489164775605386e-05,43.426461882155294,610.9907307247698
115,2,fixed_pri,3313.94083647249,17.76188959748195,2875.755966994528,65.23132381264986,1.2493946838400294e-05,72.88664865616153,532.5965134491805
115,3,frequency_hopping,1747.0769135928117,7.198141879816882,3468.4872879346176,36.43819222632027,-1.9590525771445424e-05,27.916033771939613,415.7988780949897
115,4,staggered_pri,16470.142450179374,1.269611288727822,3827.735261052559,4.434562297314443,-9.576439914193946e-06,64.72285046396365,170.65167359413255
115,5,jittered_pri,5747.928386903329,18.9528668692495,2858.0382075763205,50.02652943742845,-4.695121767960778e-06,35.31621327758815,163.20843437423974
115,6,burst_mode,7769.15261778866,18.672486396919055,3111.06629125887,63.14551950899937,1.931229290613475e-05,28.871277265627356,783.0665304254654
115,7,jittered_pri,11833.279846488998,12.748522435495953,1822.7493413341829,11.318346820351607,-1.8995213981902608e-05,52.49293815803978,340.70481462996906
116,0,staggered_pri,5234.634590972658,3.5004706545021467,3235.741119472524,-39.62735903761409,4.054031718793501e-06,61.72869562094897,896.1590974670022
116,1,frequency_hopping,6879.068714102292,1.7807463818898266,1906.1738224849214,47.95137224725208,-1.0016295198802526e-05,29.791597085172366,307.86156158219734
116,2,staggered_pri,8904.02567721113,14.023396169786718,2917.0529446346213,5.592523438773327,-1.7539645347151033e-05,40.993757234191776,464.2788893724184
116,3,staggered_pri,15219.828111956705,0.5042546346591892,1187.5509040231173,-29.30771884322573,1.0741347453329855e-05,35.66347496948805,609.3059845841636
116,4,staggered_pri,14989.158978334077,19.124507749079033,3044.840246948794,73.84427287153346,3.0084855871066054e-06,38.725527531848044,45.73126037029716
116,5,jittered_pri,12380.593268685385,14.338015219989956,2216.9547549324916,31.614090962046944,6.427453049790288e-06,30.645757443566,111.43420664930618
116,6,frequency_hopping,11243.136107108827,3.5295061684831266,3641.5044840105747,31.16232308604691,1.6308337002229759e-06,59.67016609948845,336.4244463063826
116,7,burst_mode,3170.915753737136,16.50915414185026,508.25169138159646,-63.85415534432559,1.0131964431325439e-05,29.518906647559994,722.2198523277042
116,8,jittered_pri,16297.32147837901,2.749963536940478,757.1041642826384,-11.708631374334445,3.6237414710403238e-06,57.20705647804077,745.942706953268
116,9,frequency_agile,12138.299310321796,7.654730858586727,591.8405547161328,-2.4057913807171474,5.43418737883633e-06,53.084157257086744,208.15125485188943
117,0,frequency_hopping,12127.35759851195,7.917935206838254,1894.9648654238654,-25.6270681184442,-1.3451811390467148e-05,53.712174772861815,692.1532706668837
117,1,burst_mode,14390.503819707115,18.448458939422963,981.6499150120135,50.54761950888329,1.2978659966780082e-06,58.54782323333158,476.2899531664674
117,2,fixed_pri,3724.0244062835286,17.957856815750254,360.06746546028546,42.73020683778627,1.6494047376008605e-05,60.587823502983,47.38686705490086
117,3,frequency_hopping,3293.545637980953,16.789254521826802,1688.7216541527685,-69.95444743716934,1.7425588530565163e-05,30.01802973597657,183.23462584054366
117,4,staggered_pri,16520.428239006098,10.450210470717867,4164.618030009562,8.895866370582496,-9.870724012429833e-06,52.30059335851804,181.57982619718427
117,5,jittered_pri,14831.342121773092,8.980162798670715,4112.3443616419645,-5.378713655725278,-2.9165420311343187e-06,66.86879933095781,375.7991392686018
118,0,jittered_pri,4259.273746501177,9.997598915352828,1099.3030362144395,46.613937381419674,1.6231585622464853e-05,25.2622853127191,162.26237093500828
118,1,frequency_agile,17542.90107488086,4.396316814486688,3440.547561844054,5.874956101670108,-4.207555291294546e-06,71.37617567387557,765.8285838029643
118,2,frequency_agile,14286.442424875388,1.1805565367363555,468.20124756030475,-21.89217329673363,8.934681179344721e-06,46.480877866946926,579.0181862274382
118,3,jittered_pri,13309.64996064736,4.722042889152636,1134.13966880588,71.52367232007421,-1.5194731674683096e-05,71.79714407164084,330.89083882942526
118,4,fixed_pri,2844.660819777492,10.99375208279037,2657.417090680706,-21.04500840581352,-4.2009981334427534e-09,42.70827156214819,748.9396461231214
118,5,jittered_pri,1702.0323728268927,1.8739725972176604,3179.494375962627,42.30707250071498,-1.8691457648562382e-05,47.061145727346386,305.4261222113863
118,6,frequency_agile,10235.209249745218,3.8119689937559036,2229.118603123199,-13.46871164131501,1.3996226421288825e-05,74.98595036989168,220.5440422153334
118,7,frequency_hopping,15069.232167591565,12.425615553259801,1618.9617839031605,-32.18048406768189,1.7184888758837115e-05,44.92639591865186,128.58378629564953
118,8,frequency_hopping,5640.24341972087,1.0455915783664405,1759.9918510953892,-66.53280851703782,-1.1881271734760143e-05,36.935855579165484,82.90388709429098
118,9,frequency_hopping,16173.98472906605,13.722764372157435,2692.9277004967666,-52.358316440930714,1.908164426077152e-05,44.27286399889762,549.4881807461813
119,0,frequency_hopping,14676.157423201474,18.710442283233043,732.6728608479534,-12.455801325120973,5.993040310002035e-06,28.03800717351746,887.6814856592036
119,1,jittered_pri,10881.856584325875,3.1527233948213826,1301.3474655484908,-49.38915303648747,1.2134582597221923e-05,31.469089946620016,537.3616853724192
119,2,jittered_pri,2982.4250719869424,10.5032532311134,1645.8428857377085,67.69183737544,3.9782409070879505e-06,34.84288773925187,220.01122022797335
119,3,frequency_hopping,14473.942368638238,9.657213387872646,2444.1651128274502,-27.495651948480777,-9.586449774154674e-06,41.21959036753904,687.583629896384
119,4,burst_mode,13686.388639305502,19.228619302565196,3670.1808741925156,46.191743875853916,6.712633342502642e-06,43.6111624965115,139.90978703636418
119,5,jittered_pri,7792.066595307582,16.386240830830232,4489.116041238198,-1.7967619542466338,7.936915046876236e-06,72.00759651627006,202.42324473103062
119,6,frequency_hopping,3716.982694281301,6.214612908220634,3331.2378401855217,-52.974056816118576,-1.8171551398442337e-05,38.859574038496014,602.1761584260238
119,7,burst_mode,5172.8278857889145,7.296757134932987,547.7095169076737,-62.80651140182407,-1.3996106377969909e-05,46.109770391151166,239.28006283127812
119,8,burst_mode,5110.066407805717,8.54841369082666,4633.706473118265,31.11485989371414,2.087159594736927e-06,66.65844892531834,54.62440211132558
119,9,burst_mode,14311.355003142125,4.366448070389163,2012.6308082589433,40.55973819582931,1.4452428785260167e-05,56.01607228647519,441.14690363056525
119,10,staggered_pri,3580.7715238337814,15.171830118235622,3175.0230160767646,-35.71421132159738,-6.319701303667169e-06,47.25775076750401,597.2242325213189
119,11,jittered_pri,11031.513240473785,10.291344436572066,1625.5225875867159,29.7558159918145,1.6356109062706495e-06,66.55104367808474,259.65124538504415
119,12,staggered_pri,1474.8680260501787,4.0930526499104545,3110.503825254568,6.012363863256013,-1.791612461466476e-05,62.55657166926585,763.6731576278913
119,13,frequency_agile,7561.288065089469,11.429604165919923,3479.288136167645,70.31289734320183,-1.0002913934186203e-05,27.097754537701256,179.1433457477078
119,14,frequency_agile,8242.955606589097,19.279565582041936,3840.5963355594204,30.518567372880213,-8.823927831711105e-06,51.300623449551594,362.9157606039833
